,t,k=0,k=1
0,0.0,5.0,5.0
1,0.01,6.095237589463894,6.095237589463894
2,0.02,7.194442948996658,7.194442948996658
3,0.03,8.315293498491915,8.315293498491915
4,0.04,9.472145247334094,9.472145247334094
5,0.05,10.675916074647196,10.675916074647196
6,0.06,11.93370916049309,11.93370916049309
7,0.07,13.248145575804548,13.248145575804548
8,0.08,14.616383838332407,14.616383838332407
9,0.09,16.028824646168125,16.028824646168125
10,0.1,17.467540125527105,17.467540125527105
11,0.11,18.90453898230131,18.90453898230131
12,0.12,20.300091016402142,20.300091016402142
13,0.13,21.601488975974533,21.601488975974533
14,0.14,22.742808459983557,22.742808459983557
15,0.15,23.646392713447966,23.646392713447966
16,0.16,24.226850699054964,24.226850699054964
17,0.17,24.398184268688155,24.398184268688155
18,0.18,24.084118976400365,24.084118976400365
19,0.19,23.230750673815642,23.230750673815642
20,0.2,21.819389473040303,21.819389473040303
21,0.21,19.876424694944163,19.876424694944163
22,0.22,17.476792818153854,17.476792818153854
23,0.23,14.73872351858356,14.73872351858356
24,0.24,11.809811967078748,11.809811967078748
25,0.25,8.847276629128377,8.847276629128377
26,0.26,5.997217519758049,5.997217519758049
27,0.27,3.3778231779415204,3.3778231779415204
28,0.28,1.0697870553196331,1.0697870553196331
29,0.29,-0.8853769414581831,-0.8853769414581831
30,0.3,-2.480671240816008,-2.480671240816008
31,0.31,-3.735296168950068,-3.735296168950068
32,0.32,-4.685349063187233,-4.685349063187233
33,0.33,-5.375465084993752,-5.375465084993752
34,0.34,-5.852379044816158,-5.852379044816158
35,0.35000000000000003,-6.160611920743981,-6.160611920743981
36,0.36,-6.340014700152759,-6.340014700152759
37,0.37,-6.42470887426274,-6.42470887426274
38,0.38,-6.442954079638462,-6.442954079638462
39,0.39,-6.417555747594558,-6.417555747594558
40,0.4,-6.366533829009718,-6.366533829009718
41,0.41000000000000003,-6.30387248214149,-6.30387248214149
42,0.42,-6.240246643873148,-6.240246643873148
43,0.43,-6.183673568306988,-6.183673568306988
44,0.44,-6.140069943479938,-6.140069943479938
45,0.45,-6.113713580881487,-6.113713580881487
46,0.46,-6.107617797427897,-6.107617797427897
47,0.47000000000000003,-6.123830158696012,-6.123830158696012
48,0.48,-6.163667730434714,-6.163667730434714
49,0.49,-6.22789996482621,-6.22789996482621
50,0.5,-6.316888744158158,-6.316888744158158
51,0.51,-6.430693407308841,-6.430693407308841
52,0.52,-6.569147026428729,-6.569147026428729
53,0.53,-6.731908870729852,-6.731908870729852
54,0.54,-6.918496905838837,-6.918496905838837
55,0.55,-7.128303312897879,-7.128303312897879
56,0.56,-7.36059534429312,-7.36059534429312
57,0.5700000000000001,-7.614503337582335,-7.614503337582335
58,0.58,-7.888997368307743,-7.888997368307743
59,0.59,-8.182853827320654,-8.182853827320654
60,0.6,-8.49461315906202,-8.49461315906202
61,0.61,-8.822530101141082,-8.822530101141082
62,0.62,-9.164518034460123,-9.164518034460123
63,0.63,-9.518089500170891,-9.518089500170891
64,0.64,-9.880295574267254,-9.880295574267254
65,0.65,-10.24766761135825,-10.24766761135825
66,0.66,-10.616165855263338,-10.616165855263338
67,0.67,-10.981140513985848,-10.981140513985848
68,0.68,-11.33731201575173,-11.33731201575173
69,0.6900000000000001,-11.67877815170302,-11.67877815170302
70,0.7000000000000001,-11.999056457431104,-11.999056457431104
71,0.71,-12.291170216461717,-12.291170216461717
72,0.72,-12.547785566465754,-12.547785566465754
73,0.73,-12.761405031145012,-12.761405031145012
74,0.74,-12.924619127494678,-12.924619127494678
75,0.75,-13.030412405030146,-13.030412405030146
76,0.76,-13.072513520000697,-13.072513520000697
77,0.77,-13.04577125578884,-13.04577125578884
78,0.78,-12.946530707148156,-12.946530707148156
79,0.79,-12.772977461418442,-12.772977461418442
80,0.8,-12.525414051734632,-12.525414051734632
81,0.81,-12.20643364821907,-12.20643364821907
82,0.8200000000000001,-11.820961829374053,-11.820961829374053
83,0.8300000000000001,-11.376148402765532,-11.376148402765532
84,0.84,-10.881106574608857,-10.881106574608857
85,0.85,-10.346514169613789,-10.346514169613789
86,0.86,-9.784108211170663,-9.784108211170663
87,0.87,-9.206117016915837,-9.206117016915837
88,0.88,-8.624680696339901,-8.624680696339901
89,0.89,-8.051310426601066,-8.051310426601066
90,0.9,-7.496429492422822,-7.496429492422822
91,0.91,-6.96902651363128,-6.96902651363128
92,0.92,-6.476436103873426,-6.476436103873426
93,0.93,-6.024247136977131,-6.024247136977131
94,0.9400000000000001,-5.616326127783758,-5.616326127783758
95,0.9500000000000001,-5.254934396662191,-5.254934396662191
96,0.96,-4.94091314936174,-4.94091314936174
97,0.97,-4.673910003621271,-4.673910003621271
98,0.98,-4.452622924233103,-4.452622924233103
99,0.99,-4.2750418606631495,-4.2750418606631495
100,1.0,-4.138673534773002,-4.138673534773002
101,1.01,-4.040739937614237,-4.040739937614237
102,1.02,-3.978345587675406,-3.978345587675406
103,1.03,-3.9486121798048868,-3.9486121798048868
104,1.04,-3.9487818374509804,-3.9487818374509804
105,1.05,-3.9762918435028434,-3.9762918435028434
106,1.06,-4.028824621062366,-4.028824621062366
107,1.07,-4.1043370476228045,-4.1043370476228045
108,1.08,-4.201073090425945,-4.201073090425945
109,1.09,-4.317563397418962,-4.317563397418962
110,1.1,-4.452614984327901,-4.452614984327901
111,1.11,-4.60529360829277,-4.60529360829277
112,1.12,-4.774900868446711,-4.774900868446711
113,1.1300000000000001,-4.960947557800111,-4.960947557800111
114,1.1400000000000001,-5.163124326771598,-5.163124326771598
115,1.1500000000000001,-5.381270313890716,-5.381270313890716
116,1.16,-5.615340054280564,-5.615340054280564
117,1.17,-5.865368688959249,-5.865368688959249
118,1.18,-6.131435264371092,-6.131435264371092
119,1.19,-6.413623729382962,-6.413623729382962
120,1.2,-6.711981106018453,-6.711981106018453
121,1.21,-7.026472233516416,-7.026472233516416
122,1.22,-7.356930470122331,-7.356930470122331
123,1.23,-7.70300379544771,-7.70300379544771
124,1.24,-8.064095905687978,-8.064095905687978
125,1.25,-8.439302157281684,-8.439302157281684
126,1.26,-8.82734061927675,-8.82734061927675
127,1.27,-9.226479071264906,-9.226479071264906
128,1.28,-9.634459562251266,-9.634459562251266
129,1.29,-10.048423149803961,-10.048423149803961
130,1.3,-10.464838676361316,-10.464838676361316
131,1.31,-10.879440890563297,-10.879440890563297
132,1.32,-11.287184821315858,-11.287184821315858
133,1.33,-11.682224933055611,-11.682224933055611
134,1.34,-12.05792902269154,-12.05792902269154
135,1.35,-12.406937758018634,-12.406937758018634
136,1.36,-12.721280807467657,-12.721280807467657
137,1.37,-12.992559209392866,-12.992559209392866
138,1.3800000000000001,-13.21220051032873,-13.21220051032873
139,1.3900000000000001,-13.371787904449986,-13.371787904449986
140,1.4000000000000001,-13.463457021783915,-13.463457021783915
141,1.41,-13.480344452656643,-13.480344452656643
142,1.42,-13.41706143944175,-13.41706143944175
143,1.43,-13.270155917019745,-13.270155917019745
144,1.44,-13.038518263440292,-13.038518263440292
145,1.45,-12.723682958638156,-12.723682958638156
146,1.46,-12.329981752020949,-12.329981752020949
147,1.47,-11.864514878798595,-11.864514878798595
148,1.48,-11.33692482662893,-11.33692482662893
149,1.49,-10.758979910327836,-10.758979910327836
150,1.5,-10.14399877375942,-10.14399877375942
151,1.51,-9.506167516267297,-9.506167516267297
152,1.52,-8.859814438092718,-8.859814438092718
153,1.53,-8.218710880007448,-8.218710880007448
154,1.54,-7.595459905660548,-7.595459905660548
155,1.55,-7.001019440815514,-7.001019440815514
156,1.56,-6.444386345507835,-6.444386345507835
157,1.57,-5.932446774639513,-5.932446774639513
158,1.58,-5.469979691053709,-5.469979691053709
159,1.59,-5.0597869865103835,-5.0597869865103835
160,1.6,-4.702916337078624,-4.702916337078624
161,1.61,-4.398941342778871,-4.398941342778871
162,1.62,-4.146266440343409,-4.146266440343409
163,1.6300000000000001,-3.9424298924478958,-3.9424298924478958
164,1.6400000000000001,-3.7843852393690245,-3.7843852393690245
165,1.6500000000000001,-3.6687486586370435,-3.6687486586370435
166,1.6600000000000001,-3.5920058577831155,-3.5920058577831155
167,1.67,-3.5506769898286787,-3.5506769898286787
168,1.68,-3.5414415305535627,-3.5414415305535627
169,1.69,-3.561227211794901,-3.561227211794901
170,1.7,-3.607268202595874,-3.607268202595874
171,1.71,-3.6771380414296435,-3.6771380414296435
172,1.72,-3.768762602790946,-3.768762602790946
173,1.73,-3.8804178418105737,-3.8804178418105737
174,1.74,-4.010716361273187,-4.010716361273187
175,1.75,-4.158586097712795,-4.158586097712795
176,1.76,-4.3232436976272295,-4.3232436976272295
177,1.77,-4.50416449088798,-4.50416449088798
178,1.78,-4.701050384038838,-4.701050384038838
179,1.79,-4.913796495273008,-4.913796495273008
180,1.8,-5.1424569311922275,-5.1424569311922275
181,1.81,-5.387209754783162,-5.387209754783162
182,1.82,-5.648320905182947,-5.648320905182947
183,1.83,-5.926106594522614,-5.926106594522614
184,1.84,-6.220893519612042,-6.220893519612042
185,1.85,-6.532976084132711,-6.532976084132711
186,1.86,-6.862569732452324,-6.862569732452324
187,1.87,-7.209759456667561,-7.209759456667561
188,1.8800000000000001,-7.574442567843846,-7.574442567843846
189,1.8900000000000001,-7.956264941701032,-7.956264941701032
190,1.9000000000000001,-8.354550187124472,-8.354550187124472
191,1.9100000000000001,-8.768221579782061,-8.768221579782061
192,1.92,-9.195717196707529,-9.195717196707529
193,1.93,-9.634899528990934,-9.634899528990934
194,1.94,-10.0829619850544,-10.0829619850544
195,1.95,-10.536336161159294,-10.536336161159294
196,1.96,-10.990605556702272,-10.990605556702272
197,1.97,-11.440433509085429,-11.440433509085429
198,1.98,-11.879515400343163,-11.879515400343163
199,1.99,-12.300567422591746,-12.300567422591746
200,2.0,-12.695366024247313,-12.695366024247313
201,2.0100000000000002,-13.054853086556069,-13.054853086556069
202,2.02,-13.369321257481216,-13.369321257481216
203,2.0300000000000002,-13.628690982112353,-13.628690982112353
204,2.04,-13.822884957865835,-13.822884957865835
205,2.05,-13.942296613331743,-13.942296613331743
206,2.06,-13.97833689036161,-13.97833689036161
207,2.07,-13.924029017947152,-13.924029017947152
208,2.08,-13.77460598282401,-13.77460598282401
209,2.09,-13.528052819413517,-13.528052819413517
210,2.1,-13.185528993586287,-13.185528993586287
211,2.11,-12.751608176483183,-12.751608176483183
212,2.12,-12.234285551276708,-12.234285551276708
213,2.13,-11.644726291912782,-11.644726291912782
214,2.14,-10.9967601640072,-10.9967601640072
215,2.15,-10.306161063897711,-10.306161063897711
216,2.16,-9.589780147484657,-9.589780147484657
217,2.17,-8.864620813680688,-8.864620813680688
218,2.18,-8.146949166428946,-8.146949166428946
219,2.19,-7.451523976908373,-7.451523976908373
220,2.2,-6.791008336422841,-6.791008336422841
221,2.21,-6.175596353601623,-6.175596353601623
222,2.22,-5.612858510464731,-5.612858510464731
223,2.23,-5.107783984779526,-5.107783984779526
224,2.24,-4.662980790208623,-4.662980790208623
225,2.25,-4.278986103601788,-4.278986103601788
226,2.2600000000000002,-3.954638782229356,-3.954638782229356
227,2.27,-3.6874717150525194,-3.6874717150525194
228,2.2800000000000002,-3.474090758718753,-3.474090758718753
229,2.29,-3.3105172533808123,-3.3105172533808123
230,2.3000000000000003,-3.1924807575473473,-3.1924807575473473
231,2.31,-3.115656644968109,-3.115656644968109
232,2.32,-3.0758491501382657,-3.0758491501382657
233,2.33,-3.0691243626556655,-3.0691243626556655
234,2.34,-3.0918998495804924,-3.0918998495804924
235,2.35,-3.140998434496443,-3.140998434496443
236,2.36,-3.213673591058299,-3.213673591058299
237,2.37,-3.307613269955887,-3.307613269955887
238,2.38,-3.4209280437184715,-3.4209280437184715
239,2.39,-3.552128415068878,-3.552128415068878
240,2.4,-3.700095113804708,-3.700095113804708
241,2.41,-3.8640452733697344,-3.8640452733697344
242,2.42,-4.043496562783569,-4.043496562783569
243,2.43,-4.238230659499685,-4.238230659499685
244,2.44,-4.448256876840684,-4.448256876840684
245,2.45,-4.6737762914405785,-4.6737762914405785
246,2.46,-4.915146334515311,-4.915146334515311
247,2.47,-5.172845498970894,-5.172845498970894
248,2.48,-5.447437557554661,-5.447437557554661
249,2.49,-5.739534473779422,-5.739534473779422
250,2.5,-6.049757009410096,-6.049757009410096
251,2.5100000000000002,-6.378691886722528,-6.378691886722528
252,2.52,-6.726844252822046,-6.726844252822046
253,2.5300000000000002,-7.094584125898433,-7.094584125898433
254,2.54,-7.482085496148611,-7.482085496148611
255,2.5500000000000003,-7.8892568334251525,-7.8892568334251525
256,2.56,-8.315661956702607,-8.315661956702607
257,2.57,-8.760430596686382,-8.760430596686382
258,2.58,-9.22215859430383,-9.22215859430383
259,2.59,-9.698798597108475,-9.698798597108475
260,2.6,-10.187543420925277,-10.187543420925277
261,2.61,-10.684706008198553,-10.684706008198553
262,2.62,-11.185602186508886,-11.185602186508886
263,2.63,-11.684445207363074,-11.684445207363074
264,2.64,-12.174264231476144,-12.174264231476144
265,2.65,-12.6468622858861,-12.6468622858861
266,2.66,-13.09283231976765,-13.09283231976765
267,2.67,-13.501652162715748,-13.501652162715748
268,2.68,-13.861879530039538,-13.861879530039538
269,2.69,-14.161465627448663,-14.161465627448663
270,2.7,-14.388199263470208,-14.388199263470208
271,2.71,-14.530281833990868,-14.530281833990868
272,2.72,-14.577016937673262,-14.577016937673262
273,2.73,-14.519577705891528,-14.519577705891528
274,2.74,-14.351792702694556,-14.351792702694556
275,2.75,-14.070871563309423,-14.070871563309423
276,2.7600000000000002,-13.677979579867738,-13.677979579867738
277,2.77,-13.178571355386355,-13.178571355386355
278,2.7800000000000002,-12.582410900001744,-12.582410900001744
279,2.79,-11.90323925710833,-11.90323925710833
280,2.8000000000000003,-11.15809668467457,-11.15809668467457
281,2.81,-10.366356292514704,-10.366356292514704
282,2.82,-9.548569367092998,-9.548569367092998
283,2.83,-8.725249673110984,-8.725249673110984
284,2.84,-7.915728832662834,-7.915728832662834
285,2.85,-7.137197082167016,-7.137197082167016
286,2.86,-6.4040084807060484,-6.4040084807060484
287,2.87,-5.727285843461669,-5.727285843461669
288,2.88,-5.114817951803836,-5.114817951803836
289,2.89,-4.571207704675601,-4.571207704675601
290,2.9,-4.098209073921955,-4.098209073921955
291,2.91,-3.6951835199366503,-3.6951835199366503
292,2.92,-3.359610556385024,-3.359610556385024
293,2.93,-3.0875985816966347,-3.0875985816966347
294,2.94,-2.8743569122759927,-2.8743569122759927
295,2.95,-2.7146048853226006,-2.7146048853226006
296,2.96,-2.602906805480231,-2.602906805480231
297,2.97,-2.533931362727593,-2.533931362727593
298,2.98,-2.5026407879634327,-2.5026407879634327
299,2.99,-2.50441881777228,-2.50441881777228
300,3.0,-2.535148141087791,-2.535148141087791
301,3.0100000000000002,-2.591248068922015,-2.591248068922015
302,3.02,-2.6696822940490814,-2.6696822940490814
303,3.0300000000000002,-2.7679452480300917,-2.7679452480300917
304,3.04,-2.884034037807189,-2.884034037807189
305,3.0500000000000003,-3.016411454023682,-3.016411454023682
306,3.06,-3.1639641982901625,-3.1639641982901625
307,3.0700000000000003,-3.3259593240104373,-3.3259593240104373
308,3.08,-3.5020009326213333,-3.5020009326213333
309,3.09,-3.6919883992460485,-3.6919883992460485
310,3.1,-3.8960767931226368,-3.8960767931226368
311,3.11,-4.114639679630694,-4.114639679630694
312,3.12,-4.348234113934606,-4.348234113934606
313,3.13,-4.59756733570274,-4.59756733570274
314,3.14,-4.863464428353726,-4.863464428353726
315,3.15,-5.146835997225593,-5.146835997225593
316,3.16,-5.448644735561085,-5.448644735561085
317,3.17,-5.7698695762211685,-5.7698695762211685
318,3.18,-6.1114659663407185,-6.1114659663407185
319,3.19,-6.474320653100708,-6.474320653100708
320,3.2,-6.859199239713083,-6.859199239713083
321,3.21,-7.266684678714717,-7.266684678714717
322,3.22,-7.697104843150147,-7.697104843150147
323,3.23,-8.150447397860212,-8.150447397860212
324,3.24,-8.626260443029883,-8.626260443029883
325,3.25,-9.123537900841656,-9.123537900841656
326,3.2600000000000002,-9.640589465674774,-9.640589465674774
327,3.27,-10.174896260701038,-10.174896260701038
328,3.2800000000000002,-10.722955272688356,-10.722955272688356
329,3.29,-11.28011830010073,-11.28011830010073
330,3.3000000000000003,-11.840434636751322,-11.840434636751322
331,3.31,-12.396511024422939,-12.396511024422939
332,3.3200000000000003,-12.939407380630723,-12.939407380630723
333,3.33,-13.458592025097337,-13.458592025097337
334,3.34,-13.941984820883913,-13.941984820883913
335,3.35,-14.37611961646337,-14.37611961646337
336,3.36,-14.746456998128792,-14.746456998128792
337,3.37,-15.037872726898824,-15.037872726898824
338,3.38,-15.235334501965907,-15.235334501965907
339,3.39,-15.32475871334189,-15.32475871334189
340,3.4,-15.29400998362273,-15.29400998362273
341,3.41,-15.133972273839516,-15.133972273839516
342,3.42,-14.839586713802975,-14.839586713802975
343,3.43,-14.41072621349025,-14.41072621349025
344,3.44,-13.852769428980157,-13.852769428980157
345,3.45,-13.176754216958592,-13.176754216958592
346,3.46,-12.39903583110905,-12.39903583110905
347,3.47,-11.54044293157876,-11.54044293157876
348,3.48,-10.625002479590561,-10.625002479590561
349,3.49,-9.678375312465079,-9.678375312465079
350,3.5,-8.726190408068069,-8.726190408068069
351,3.5100000000000002,-7.7924762827503224,-7.7924762827503224
352,3.52,-6.898361151030548,-6.898361151030548
353,3.5300000000000002,-6.061157958404434,-6.061157958404434
354,3.54,-5.2938813611569815,-5.2938813611569815
355,3.5500000000000003,-4.605177632746549,-4.605177632746549
356,3.56,-3.999598114096639,-3.999598114096639
357,3.5700000000000003,-3.4781185274307673,-3.4781185274307673
358,3.58,-3.0388000163728366,-3.0388000163728366
359,3.59,-2.677498272002831,-2.677498272002831
360,3.6,-2.388547652159076,-2.388547652159076
361,3.61,-2.1653711836558363,-2.1653711836558363
362,3.62,-2.00098981221346,-2.00098981221346
363,3.63,-1.8884223916415872,-1.8884223916415872
364,3.64,-1.8209806896501854,-1.8209806896501854
365,3.65,-1.7924714192229305,-1.7924714192229305
366,3.66,-1.797320948170231,-1.797320948170231
367,3.67,-1.8306390709152194,-1.8306390709152194
368,3.68,-1.8882371361026584,-1.8882371361026584
369,3.69,-1.9666137770697076,-1.9666137770697076
370,3.7,-2.062919099340385,-2.062919099340385
371,3.71,-2.174905822313785,-2.174905822313785
372,3.72,-2.3008737584273486,-2.3008737584273486
373,3.73,-2.4396122290888558,-2.4396122290888558
374,3.74,-2.5903435748296504,-2.5903435748296504
375,3.75,-2.7526697889868634,-2.7526697889868634
376,3.7600000000000002,-2.9265234431836618,-2.9265234431836618
377,3.77,-3.1121234278182457,-3.1121234278182457
378,3.7800000000000002,-3.3099355533155985,-3.3099355533155985
379,3.79,-3.520637705629333,-3.520637705629333
380,3.8000000000000003,-3.745088986811705,-3.745088986811705
381,3.81,-3.984302069257407,-3.984302069257407
382,3.8200000000000003,-4.239417826918787,-4.239417826918787
383,3.83,-4.5116811594845325,-4.5116811594845325
384,3.84,-4.802416781181416,-4.802416781181416
385,3.85,-5.113003592861738,-5.113003592861738
386,3.86,-5.444846086036377,-5.444846086036377
387,3.87,-5.79934103584171,-5.79934103584171
388,3.88,-6.177837526570117,-6.177837526570117
389,3.89,-6.58158812466971,-6.58158812466971
390,3.9,-7.0116887852830585,-7.0116887852830585
391,3.91,-7.469004877301702,-7.469004877301702
392,3.92,-7.954080583899961,-7.954080583899961
393,3.93,-8.467028949479568,-8.467028949479568
394,3.94,-9.007400099332113,-9.007400099332113
395,3.95,-9.57402579197372,-9.57402579197372
396,3.96,-10.164839655275625,-10.164839655275625
397,3.97,-10.77667442736089,-10.77667442736089
398,3.98,-11.405040523334621,-11.405040523334621
399,3.99,-12.043894530622012,-12.043894530622012
400,4.0,-12.685411989890847,-12.685411989890847
401,4.01,-13.319786074575964,-13.319786074575964
402,4.0200000000000005,-13.935082258251327,-13.935082258251327
403,4.03,-14.51718796934851,-14.51718796934851
404,4.04,-15.049904077829575,-15.049904077829575
405,4.05,-15.515229472271756,-15.515229472271756
406,4.0600000000000005,-15.893887757545981,-15.893887757545981
407,4.07,-16.166132542510486,-16.166132542510486
408,4.08,-16.31284159874411,-16.31284159874411
409,4.09,-16.31686890247339,-16.31686890247339
410,4.1,-16.164569437836228,-16.164569437836228
411,4.11,-15.8473521370546,-15.8473521370546
412,4.12,-15.36306465291977,-15.36306465291977
413,4.13,-14.716986820585047,-14.716986820585047
414,4.14,-13.922223855651518,-13.922223855651518
415,4.15,-12.999354271755019,-12.999354271755019
416,4.16,-11.975296303762631,-11.975296303762631
417,4.17,-10.88148960878687,-10.88148960878687
418,4.18,-9.75161391928446,-9.75161391928446
419,4.19,-8.61914951812123,-8.61914951812123
420,4.2,-7.515103200078299,-7.515103200078299
421,4.21,-6.466174600536256,-6.466174600536256
422,4.22,-5.49353840677821,-5.49353840677821
423,4.23,-4.612297793290657,-4.612297793290657
424,4.24,-3.831554509875734,-3.831554509875734
425,4.25,-3.1549637026694795,-3.1549637026694795
426,4.26,-2.5816054972197113,-2.5816054972197113
427,4.2700000000000005,-2.107006841740988,-2.107006841740988
428,4.28,-1.7241746271524956,-1.7241746271524956
429,4.29,-1.4245411191594215,-1.4245411191594215
430,4.3,-1.1987638220835573,-1.1987638220835573
431,4.3100000000000005,-1.0373566850044402,-1.0373566850044402
432,4.32,-0.931154824082386,-0.931154824082386
433,4.33,-0.8716305301466594,-0.8716305301466594
434,4.34,-0.8510858857508127,-0.8510858857508127
435,4.3500000000000005,-0.8627491056564623,-0.8627491056564623
436,4.36,-0.9007999296577781,-0.9007999296577781
437,4.37,-0.9603457856355131,-0.9603457856355131
438,4.38,-1.0373662193084079,-1.0373662193084079
439,4.39,-1.128638994703761,-1.128638994703761
440,4.4,-1.2316576848230718,-1.2316576848230718
441,4.41,-1.3445476338347717,-1.3445476338347717
442,4.42,-1.4659848772412065,-1.4659848772412065
443,4.43,-1.5951208806146413,-1.5951208806146413
444,4.44,-1.7315147002886633,-1.7315147002886633
445,4.45,-1.8750732796712197,-1.8750732796712197
446,4.46,-2.0259999829082274,-2.0259999829082274
447,4.47,-2.1847510594384723,-2.1847510594384723
448,4.48,-2.351999470082593,-2.351999470082593
449,4.49,-2.528605342752217,-2.528605342752217
450,4.5,-2.715592229531498,-2.715592229531498
451,4.51,-2.9141282808841167,-2.9141282808841167
452,4.5200000000000005,-3.1255114171839105,-3.1255114171839105
453,4.53,-3.3511575469733335,-3.3511575469733335
454,4.54,-3.5925908424665316,-3.5925908424665316
455,4.55,-3.851435024781517,-3.851435024781517
456,4.5600000000000005,-4.12940452423196,-4.12940452423196
457,4.57,-4.428294255372125,-4.428294255372125
458,4.58,-4.749966573442967,-4.749966573442967
459,4.59,-5.096333750083423,-5.096333750083423
460,4.6000000000000005,-5.469334014532525,-5.469334014532525
461,4.61,-5.870898847426262,-5.870898847426262
462,4.62,-6.302908787762971,-6.302908787762971
463,4.63,-6.767134528006674,-6.767134528006674
464,4.64,-7.265159549623266,-7.265159549623266
465,4.65,-7.798280035139708,-7.798280035139708
466,4.66,-8.367377359094935,-8.367377359094935
467,4.67,-8.97275823193003,-8.97275823193003
468,4.68,-9.61395773552163,-9.61395773552163
469,4.69,-10.289501318551489,-10.289501318551489
470,4.7,-10.996623687930404,-10.996623687930404
471,4.71,-11.730945922106619,-11.730945922106619
472,4.72,-12.486117618888175,-12.486117618888175
473,4.73,-13.25343907907245,-13.25343907907245
474,4.74,-14.021489910374179,-14.021489910374179
475,4.75,-14.77580514038332,-14.77580514038332
476,4.76,-15.498657318689935,-15.498657318689935
477,4.7700000000000005,-16.16902124732971,-16.16902124732971
478,4.78,-16.762813133960325,-16.762813133960325
479,4.79,-17.25350211121531,-17.25350211121531
480,4.8,-17.613181186095524,-17.613181186095524
481,4.8100000000000005,-17.814148072616042,-17.814148072616042
482,4.82,-17.83097757132725,-17.83097757132725
483,4.83,-17.64296648885943,-17.64296648885943
484,4.84,-17.236711522953044,-17.236711522953044
485,4.8500000000000005,-16.60846661175339,-16.60846661175339
486,4.86,-15.76585743513255,-15.76585743513255
487,4.87,-14.728546899630976,-14.728546899630976
488,4.88,-13.527570454495509,-13.527570454495509
489,4.89,-12.203284692154991,-12.203284692154991
490,4.9,-10.802147572524222,-10.802147572524222
491,4.91,-9.372796112174933,-9.372796112174933
492,4.92,-7.962030175337661,-7.962030175337661
493,4.93,-6.611304845609268,-6.611304845609268
494,4.94,-5.354186616877721,-5.354186616877721
495,4.95,-4.2149949925201975,-4.2149949925201975
496,4.96,-3.208606616191338,-3.208606616191338
497,4.97,-2.341209037178868,-2.341209037178868
498,4.98,-1.6116897786011373,-1.6116897786011373
499,4.99,-1.0133332201949456,-1.0133332201949456
500,5.0,-0.5355487641052676,-0.5355487641052676
501,5.01,-0.1654363303945126,-0.1654363303945126
502,5.0200000000000005,0.11091883704969657,0.11091883704969657
503,5.03,0.30745871401125585,0.30745871401125585
504,5.04,0.4374595434627311,0.4374595434627311
505,5.05,0.5130924389595747,0.5130924389595747
506,5.0600000000000005,0.5451853791807418,0.5451853791807418
507,5.07,0.5431344563179725,0.5431344563179725
508,5.08,0.5149184899342174,0.5149184899342174
509,5.09,0.4671798927958901,0.4671798927958901
510,5.1000000000000005,0.405343650901576,0.405343650901576
511,5.11,0.3337542310339482,0.3337542310339482
512,5.12,0.2558166803226471,0.2558166803226471
513,5.13,0.1741331008367228,0.1741331008367228
514,5.14,0.09062925421075907,0.09062925421075907
515,5.15,0.006668539872476148,0.006668539872476148
516,5.16,-0.07684774238498718,-0.07684774238498718
517,5.17,-0.15939386364791724,-0.15939386364791724
518,5.18,-0.24074623609126514,-0.24074623609126514
519,5.19,-0.3209220794135721,-0.3209220794135721
520,5.2,-0.40012900256230316,-0.40012900256230316
521,5.21,-0.4787242647339949,-0.4787242647339949
522,5.22,-0.5571825021706895,-0.5571825021706895
523,5.23,-0.6360707767608602,-0.6360707767608602
524,5.24,-0.7160298983986437,-0.7160298983986437
525,5.25,-0.7977610818419523,-0.7977610818419523
526,5.26,-0.8820171114256876,-0.8820171114256876
527,5.2700000000000005,-0.9695972975001578,-0.9695972975001578
528,5.28,-1.0613456130116516,-1.0613456130116516
529,5.29,-1.1581514947397096,-1.1581514947397096
530,5.3,-1.2609528797848035,-1.2609528797848035
531,5.3100000000000005,-1.370741122966661,-1.370741122966661
532,5.32,-1.4885675041688216,-1.4885675041688216
533,5.33,-1.6155510857720357,-1.6155510857720357
534,5.34,-1.7528877184895673,-1.7528877184895673
535,5.3500000000000005,-1.9018600182045156,-1.9018600182045156
536,5.36,-2.063848145391656,-2.063848145391656
537,5.37,-2.240341210270757,-2.240341210270757
538,5.38,-2.4329490979284674,-2.4329490979284674
539,5.39,-2.6434144539639406,-2.6434144539639406
540,5.4,-2.873624486863192,-2.873624486863192
541,5.41,-3.1256221203685213,-3.1256221203685213
542,5.42,-3.401615857140343,-3.401615857140343
543,5.43,-3.7039874804876773,-3.7039874804876773
544,5.44,-4.0352964066859425,-4.0352964066859425
545,5.45,-4.398279085035651,-4.398279085035651
546,5.46,-4.795841300483478,-4.795841300483478
547,5.47,-5.231040534192007,-5.231040534192007
548,5.48,-5.707054647722003,-5.707054647722003
549,5.49,-6.227132043314496,-6.227132043314496
550,5.5,-6.7945170891771225,-6.7945170891771225
551,5.51,-7.412342975245383,-7.412342975245383
552,5.5200000000000005,-8.083482308890215,-8.083482308890215
553,5.53,-8.810343766502056,-8.810343766502056
554,5.54,-9.594601196115182,-9.594601196115182
555,5.55,-10.43684011290709,-10.43684011290709
556,5.5600000000000005,-11.336106216179282,-11.336106216179282
557,5.57,-12.289342449049645,-12.289342449049645
558,5.58,-13.290706798099716,-13.290706798099716
559,5.59,-14.330774654848675,-14.330774654848675
560,5.6000000000000005,-15.395649825487896,-15.395649825487896
561,5.61,-16.466040033868328,-16.466040033868328
562,5.62,-17.516398125620217,-17.516398125620217
563,5.63,-18.514288787470303,-18.514288787470303
564,5.64,-19.420206897281243,-19.420206897281243
565,5.65,-20.18813344725335,-20.18813344725335
566,5.66,-20.767142607952056,-20.767142607952056
567,5.67,-21.104331880984976,-21.104331880984976
568,5.68,-21.149195522379145,-21.149195522379145
569,5.69,-20.85927310270931,-20.85927310270931
570,5.7,-20.20649669685979,-20.20649669685979
571,5.71,-19.183218761229206,-19.183218761229206
572,5.72,-17.806589952190492,-17.806589952190492
573,5.73,-16.119964386471217,-16.119964386471217
574,5.74,-14.190466706701363,-14.190466706701363
575,5.75,-12.1027170540059,-12.1027170540059
576,5.76,-9.949721608474828,-9.949721608474828
577,5.7700000000000005,-7.822717449713657,-7.822717449713657
578,5.78,-5.801993427848649,-5.801993427848649
579,5.79,-3.950313081362652,-3.950313081362652
580,5.8,-2.309737376082743,-2.309737376082743
581,5.8100000000000005,-0.9017351333629542,-0.9017351333629542
582,5.82,0.270206436140223,0.270206436140223
583,5.83,1.2165507306316594,1.2165507306316594
584,5.84,1.957280893916515,1.957280893916515
585,5.8500000000000005,2.5178185296227933,2.5178185296227933
586,5.86,2.9257106832850486,2.9257106832850486
587,5.87,3.2082200496002136,3.2082200496002136
588,5.88,3.3907626303281058,3.3907626303281058
589,5.89,3.4960392587198266,3.4960392587198266
590,5.9,3.5436793345523765,3.5436793345523765
591,5.91,3.5502287987513927,3.5502287987513927
592,5.92,3.5293468693862358,3.5293468693862358
593,5.93,3.4921123818295032,3.4921123818295032
594,5.94,3.4473728463017985,3.4473728463017985
595,5.95,3.4020945973286,3.4020945973286
596,5.96,3.3616905123434777,3.3616905123434777
597,5.97,3.330313848288857,3.330313848288857
598,5.98,3.31111426846616,3.31111426846616
599,5.99,3.3064564838204413,3.3064564838204413
600,6.0,3.318104209596459,3.318104209596459
601,6.01,3.3473731339282295,3.3473731339282295
602,6.0200000000000005,3.3952568457216423,3.3952568457216423
603,6.03,3.4625295166565704,3.4625295166565704
604,6.04,3.5498287818897443,3.5498287818897443
605,6.05,3.6577218326088206,3.6577218326088206
606,6.0600000000000005,3.7867572821117146,3.7867572821117146
607,6.07,3.9375049239519866,3.9375049239519866
608,6.08,4.110585075879206,4.110585075879206
609,6.09,4.306688796999329,4.306688796999329
610,6.1000000000000005,4.526589873109326,4.526589873109326
611,6.11,4.771149079702673,4.771149079702673
612,6.12,5.041310846247389,5.041310846247389
613,6.13,5.338092051917292,5.338092051917292
614,6.140000000000001,5.662562276216686,5.662562276216686
615,6.15,6.015814404602169,6.015814404602169
616,6.16,6.398924050319741,6.398924050319741
617,6.17,6.812895807297087,6.812895807297087
618,6.18,7.258593914003769,7.258593914003769
619,6.19,7.736654519931543,7.736654519931543
620,6.2,8.24737646338589,8.24737646338589
621,6.21,8.79058738262573,8.79058738262573
622,6.22,9.365482225781976,9.365482225781976
623,6.23,9.9704319853495,9.9704319853495
624,6.24,10.602762008169739,10.602762008169739
625,6.25,11.258501830003679,11.258501830003679
626,6.26,11.932112506793949,11.932112506793949
627,6.2700000000000005,12.616203211206232,12.616203211206232
628,6.28,13.301256686079201,13.301256686079201
629,6.29,13.975392997499116,13.975392997499116
630,6.3,14.624212429235344,14.624212429235344
631,6.3100000000000005,15.230770051698055,15.230770051698055
632,6.32,15.775744147600763,15.775744147600763
633,6.33,16.23786467787945,16.23786467787945
634,6.34,16.594661578456147,16.594661578456147
635,6.3500000000000005,16.823570722283794,16.823570722283794
636,6.36,16.903393816126105,16.903393816126105
637,6.37,16.816046782280022,16.816046782280022
638,6.38,16.548454978626605,16.548454978626605
639,6.390000000000001,16.09437674024213,16.09437674024213
640,6.4,15.455880522571496,15.455880522571496
641,6.41,14.64418970971283,14.64418970971283
642,6.42,13.67966167892649,13.67966167892649
643,6.43,12.590787154698864,12.590787154698864
644,6.44,11.41226316409676,11.41226316409676
645,6.45,10.182368390513865,10.182368390513865
646,6.46,8.94000500008079,8.94000500008079
647,6.47,7.721826786435168,7.721826786435168
648,6.48,6.559835235214246,6.559835235214246
649,6.49,5.479708485116344,5.479708485116344
650,6.5,4.499971356404568,4.499971356404568
651,6.51,3.6319623211863465,3.6319623211863465
652,6.5200000000000005,2.880440532541832,2.880440532541832
653,6.53,2.2446190005027518,2.2446190005027518
654,6.54,1.71940600042545,1.71940600042545
655,6.55,1.2966707156382027,1.2966707156382027
656,6.5600000000000005,0.9664018467344524,0.9664018467344524
657,6.57,0.7176829494589471,0.7176829494589471
658,6.58,0.5394548809881468,0.5394548809881468
659,6.59,0.4210692518977665,0.4210692518977665
660,6.6000000000000005,0.35265702623378536,0.35265702623378536
661,6.61,0.3253457529442758,0.3253457529442758
662,6.62,0.33136059441365084,0.33136059441365084
663,6.63,0.36404140643127486,0.36404140643127486
664,6.640000000000001,0.41780300753701144,0.41780300753701144
665,6.65,0.4880600648896426,0.4880600648896426
666,6.66,0.5711326567749767,0.5711326567749767
667,6.67,0.6641439944600044,0.6641439944600044
668,6.68,0.7649181283422738,0.7649181283422738
669,6.69,0.8718826788778264,0.8718826788778264
670,6.7,0.9839795945264282,0.9839795945264282
671,6.71,1.1005854973188616,1.1005854973188616
672,6.72,1.2214421903360957,1.2214421903360957
673,6.73,1.3465972506701605,1.3465972506701605
674,6.74,1.4763542212743055,1.4763542212743055
675,6.75,1.6112316732114844,1.6112316732114844
676,6.76,1.7519302826959948,1.7519302826959948
677,6.7700000000000005,1.899307016084945,1.899307016084945
678,6.78,2.054355512491409,2.054355512491409
679,6.79,2.218191777554368,2.218191777554368
680,6.8,2.3920443380696073,2.3920443380696073
681,6.8100000000000005,2.5772480442277272,2.5772480442277272
682,6.82,2.7752407350018755,2.7752407350018755
683,6.83,2.987561995009675,2.987561995009675
684,6.84,3.2158532207834476,3.2158532207834476
685,6.8500000000000005,3.461858173692349,3.461858173692349
686,6.86,3.727423118204352,3.727423118204352
687,6.87,4.014495519390402,4.014495519390402
688,6.88,4.325120093156373,4.325120093156373
689,6.890000000000001,4.661430756154781,4.661430756154781
690,6.9,5.025636698362974,5.025636698362974
691,6.91,5.42000038852712,5.42000038852712
692,6.92,5.846804811141436,5.846804811141436
693,6.93,6.308306617692807,6.308306617692807
694,6.94,6.806671157785382,6.806671157785382
695,6.95,7.343884556967287,7.343884556967287
696,6.96,7.921637174543294,7.921637174543294
697,6.97,8.541171996943099,8.541171996943099
698,6.98,9.203090956931971,9.203090956931971
699,6.99,9.907112067842386,9.907112067842386
700,7.0,10.651771006511147,10.651771006511147
701,7.01,11.434062914979242,11.434062914979242
702,7.0200000000000005,12.24902445439763,12.24902445439763
703,7.03,13.08926344962657,13.08926344962657
704,7.04,13.944454823139575,13.944454823139575
705,7.05,14.800837836312965,14.800837836312965
706,7.0600000000000005,15.640771325748862,15.640771325748862
707,7.07,16.442429857175718,16.442429857175718
708,7.08,17.179751637345934,17.179751637345934
709,7.09,17.822772609411295,17.822772609411295
710,7.1000000000000005,18.338490524790384,18.338490524790384
711,7.11,18.692384518268994,18.692384518268994
712,7.12,18.85065533219905,18.85065533219905
713,7.13,18.783138796284224,18.783138796284224
714,7.140000000000001,18.466683221002764,18.466683221002764
715,7.15,17.888594292967657,17.888594292967657
716,7.16,17.049588496927253,17.049588496927253
717,7.17,15.965625158806427,15.965625158806427
718,7.18,14.66806945205658,14.66806945205658
719,7.19,13.201897063581697,13.201897063581697
720,7.2,11.622043294272606,11.622043294272606
721,7.21,9.988417543365284,9.988417543365284
722,7.22,8.360411925917614,8.360411925917614
723,7.23,6.791824234499655,6.791824234499655
724,7.24,5.326964947675776,5.326964947675776
725,7.25,3.9983903902665627,3.9983903902665627
726,7.26,2.826320020313407,2.826320020313407
727,7.2700000000000005,1.8194744996316148,1.8194744996316148
728,7.28,0.9768850391207095,0.9768850391207095
729,7.29,0.29018438218841935,0.29018438218841935
730,7.3,-0.25403994882712955,-0.25403994882712955
731,7.3100000000000005,-0.6721231503844306,-0.6721231503844306
732,7.32,-0.9815906525825173,-0.9815906525825173
733,7.33,-1.1998647525736303,-1.1998647525736303
734,7.34,-1.3433849935707256,-1.3433849935707256
735,7.3500000000000005,-1.4270768143637638,-1.4270768143637638
736,7.36,-1.464089195430605,-1.464089195430605
737,7.37,-1.465724944727737,-1.465724944727737
738,7.38,-1.441498726446239,-1.441498726446239
739,7.390000000000001,-1.3992722176848855,-1.3992722176848855
740,7.4,-1.3454295114105832,-1.3454295114105832
741,7.41,-1.285067476837188,-1.285067476837188
742,7.42,-1.2221847840351037,-1.2221847840351037
743,7.43,-1.159859857134764,-1.159859857134764
744,7.44,-1.1004125610098276,-1.1004125610098276
745,7.45,-1.0455474263223739,-1.0455474263223739
746,7.46,-0.9964781069138465,-0.9964781069138465
747,7.47,-0.9540338867622429,-0.9540338867622429
748,7.48,-0.9187496684842877,-0.9187496684842877
749,7.49,-0.890941163790729,-0.890941163790729
750,7.5,-0.8707670922407296,-0.8707670922407296
751,7.51,-0.858280159668291,-0.858280159668291
752,7.5200000000000005,-0.8534684841867302,-0.8534684841867302
753,7.53,-0.8562889987366522,-0.8562889987366522
754,7.54,-0.866694205201662,-0.866694205201662
755,7.55,-0.8846534986852137,-0.8846534986852137
756,7.5600000000000005,-0.9101701291294282,-0.9101701291294282
757,7.57,-0.9432947254240949,-0.9432947254240949
758,7.58,-0.984136176859819,-0.984136176859819
759,7.59,-1.032870549275696,-1.032870549275696
760,7.6000000000000005,-1.0897486087118429,-1.0897486087118429
761,7.61,-1.1551024333581965,-1.1551024333581965
762,7.62,-1.2293515142015692,-1.2293515142015692
763,7.63,-1.313008674775377,-1.313008674775377
764,7.640000000000001,-1.4066860792860838,-1.4066860792860838
765,7.65,-1.5111015443386027,-1.5111015443386027
766,7.66,-1.6270853204465805,-1.6270853204465805
767,7.67,-1.755587463109792,-1.755587463109792
768,7.68,-1.897685866683419,-1.897685866683419
769,7.69,-2.054594984234752,-2.054594984234752
770,7.7,-2.2276751990519803,-2.2276751990519803
771,7.71,-2.418442743453368,-2.418442743453368
772,7.72,-2.628579971790199,-2.628579971790199
773,7.73,-2.859945679120595,-2.859945679120595
774,7.74,-3.1145850048656465,-3.1145850048656465
775,7.75,-3.3947382589957282,-3.3947382589957282
776,7.76,-3.7028477406404203,-3.7028477406404203
777,7.7700000000000005,-4.04156126499816,-4.04156126499816
778,7.78,-4.413730648697176,-4.413730648697176
779,7.79,-4.8224027956411,-4.8224027956411
780,7.8,-5.270800238923749,-5.270800238923749
781,7.8100000000000005,-5.762286989666303,-5.762286989666303
782,7.82,-6.300314280004187,-6.300314280004187
783,7.83,-6.888339230682985,-6.888339230682985
784,7.84,-7.529707609010472,-7.529707609010472
785,7.8500000000000005,-8.227489697524488,-8.227489697524488
786,7.86,-8.984255973987535,-8.984255973987535
787,7.87,-9.801777051913263,-9.801777051913263
788,7.88,-10.680630610965046,-10.680630610965046
789,7.890000000000001,-11.619697657009668,-11.619697657009668
790,7.9,-12.615532669149445,-12.615532669149445
791,7.91,-13.661598918083566,-13.661598918083566
792,7.92,-14.747374098219238,-14.747374098219238
793,7.930000000000001,-15.857355663318918,-15.857355663318918
794,7.94,-16.970033315780395,-16.970033315780395
795,7.95,-18.056950389363436,-18.056950389363436
796,7.96,-19.08204556566417,-19.08204556566417
797,7.97,-20.001543950005463,-20.001543950005463
798,7.98,-20.764733477243663,-20.764733477243663
799,7.99,-21.315986014263604,-21.315986014263604
800,8.0,-21.59831627437212,-21.59831627437212
801,8.01,-21.558567520221903,-21.558567520221903
802,8.02,-21.153945759689115,-21.153945759689115
803,8.03,-20.359127920351593,-20.359127920351593
804,8.040000000000001,-19.17266898245988,-19.17266898245988
805,8.05,-17.621138103261842,-17.621138103261842
806,8.06,-15.759549185112803,-15.759549185112803
807,8.07,-13.667328454961382,-13.667328454961382
808,8.08,-11.44015797315482,-11.44015797315482
809,8.09,-9.17918216626985,-9.17918216626985
810,8.1,-6.979803559538334,-6.979803559538334
811,8.11,-4.922314947162972,-4.922314947162972
812,8.120000000000001,-3.0659370476764547,-3.0659370476764547
813,8.13,-1.4467777736740253,-1.4467777736740253
814,8.14,-0.07923439711711966,-0.07923439711711966
815,8.15,1.0402608356036047,1.0402608356036047
816,8.16,1.9284095543173425,1.9284095543173425
817,8.17,2.610190099752175,2.610190099752175
818,8.18,3.1146653181421238,3.1146653181421238
819,8.19,3.471772770981078,3.471772770981078
820,8.2,3.7101311631801455,3.7101311631801455
821,8.21,3.85572903097561,3.85572903097561
822,8.22,3.9312928148121293,3.9312928148121293
823,8.23,3.9561282710993395,3.9561282710993395
824,8.24,3.9462601644093223,3.9462601644093223
825,8.25,3.914737633815137,3.914737633815137
826,8.26,3.872013423112886,3.872013423112886
827,8.27,3.8263384858340728,3.8263384858340728
828,8.28,3.784138001720235,3.784138001720235
829,8.290000000000001,3.7503515023609326,3.7503515023609326
830,8.3,3.728730336661607,3.728730336661607
831,8.31,3.722091879808935,3.722091879808935
832,8.32,3.732533172265237,3.732533172265237
833,8.33,3.7616081591498096,3.7616081591498096
834,8.34,3.810473133501011,3.810473133501011
835,8.35,3.8800048506249194,3.8800048506249194
836,8.36,3.970895366560487,3.970895366560487
837,8.370000000000001,4.083727127324839,4.083727127324839
838,8.38,4.2190312840054505,4.2190312840054505
839,8.39,4.377331672296568,4.377331672296568
840,8.4,4.559176388115023,4.559176388115023
841,8.41,4.765158414420333,4.765158414420333
842,8.42,4.995926303089923,4.995926303089923
843,8.43,5.252185482364654,5.252185482364654
844,8.44,5.534690337926965,5.534690337926965
845,8.45,5.844226798824527,5.844226798824527
846,8.46,6.181584746095,6.181584746095
847,8.47,6.5475191548329095,6.5475191548329095
848,8.48,6.942698489513863,6.942698489513863
849,8.49,7.367638518030868,7.367638518030868
850,8.5,7.822619427245232,7.822619427245232
851,8.51,8.307583967330768,8.307583967330768
852,8.52,8.82201440601481,8.82201440601481
853,8.53,9.364786452922031,9.364786452922031
854,8.540000000000001,9.933999174125296,9.933999174125296
855,8.55,10.526781454986626,10.526781454986626
856,8.56,11.139078018468695,11.139078018468695
857,8.57,11.7654216140905,11.7654216140905
858,8.58,12.398702976836324,12.398702976836324
859,8.59,13.029956621997632,13.029956621997632
860,8.6,13.64818836188531,13.64818836188531
861,8.61,14.240279067663351,14.240279067663351
862,8.620000000000001,14.791007510671626,14.791007510671626
863,8.63,15.283241169382327,15.283241169382327
864,8.64,15.698344890142605,15.698344890142605
865,8.65,16.01684978576425,16.01684978576425
866,8.66,16.219405242880843,16.219405242880843
867,8.67,16.288003003105565,16.288003003105565
868,8.68,16.207414371381763,16.207414371381763
869,8.69,15.96672458975834,15.96672458975834
870,8.700000000000001,15.560792751282904,15.560792751282904
871,8.71,14.991426597696892,14.991426597696892
872,8.72,14.268055933345543,14.268055933345543
873,8.73,13.407728720970091,13.407728720970091
874,8.74,12.434341942059154,12.434341942059154
875,8.75,11.377141729834516,11.377141729834516
876,8.76,10.26865695387017,10.26865695387017
877,8.77,9.142333836312732,9.142333836312732
878,8.78,8.030188054493149,8.030188054493149
879,8.790000000000001,6.960772739399861,6.960772739399861
880,8.8,5.95768372808067,5.95768372808067
881,8.81,5.0387117690487875,5.0387117690487875
882,8.82,4.215636092760404,4.215636092760404
883,8.83,3.494561425481966,3.494561425481966
884,8.84,2.8766460312728235,2.8766460312728235
885,8.85,2.3590533850202453,2.3590533850202453
886,8.86,1.9359763468758326,1.9359763468758326
887,8.870000000000001,1.599617421377668,1.599617421377668
888,8.88,1.341049387901911,1.341049387901911
889,8.89,1.1509181233598562,1.1509181233598562
890,8.9,1.0199787960653908,1.0199787960653908
891,8.91,0.9394763424088927,0.9394763424088927
892,8.92,0.9013921342037052,0.9013921342037052
893,8.93,0.8985830124449825,0.8985830124449825
894,8.94,0.924838630927345,0.924838630927345
895,8.950000000000001,0.9748802547623764,0.9748802547623764
896,8.96,1.044320232524731,1.044320232524731
897,8.97,1.1295972448422884,1.1295972448422884
898,8.98,1.2278986568307937,1.2278986568307937
899,8.99,1.3370781069862314,1.3370781069862314
900,9.0,1.455573908560744,1.455573908560744
901,9.01,1.5823318781426905,1.5823318781426905
902,9.02,1.7167347521498095,1.7167347521498095
903,9.03,1.8585393056000656,1.8585393056000656
904,9.040000000000001,2.007821555269728,2.007821555269728
905,9.05,2.164929931232896,2.164929931232896
906,9.06,2.330445972232184,2.330445972232184
907,9.07,2.505151890979005,2.505151890979005
908,9.08,2.690004226765042,2.690004226765042
909,9.09,2.886112725352291,2.886112725352291
910,9.1,3.094723537539161,3.094723537539161
911,9.11,3.317205790539092,3.317205790539092
912,9.120000000000001,3.555040546212356,3.555040546212356
913,9.13,3.809811105353618,3.809811105353618
914,9.14,4.0831935371520425,4.0831935371520425
915,9.15,4.376946197956086,4.376946197956086
916,9.16,4.692896844531923,4.692896844531923
917,9.17,5.032925735701033,5.032925735701033
918,9.18,5.398942845332429,5.398942845332429
919,9.19,5.792856974156957,5.792856974156957
920,9.200000000000001,6.21653414699008,6.21653414699008
921,9.21,6.6717422223188425,6.6717422223188425
922,9.22,7.160078141723931,7.160078141723931
923,9.23,7.682873745562407,7.682873745562407
924,9.24,8.241075646388058,8.241075646388058
925,9.25,8.835094392999897,8.835094392999897
926,9.26,9.46461824514104,9.46461824514104
927,9.27,10.128387558736303,10.128387558736303
928,9.28,10.823927396238124,10.823927396238124
929,9.290000000000001,11.54723897266699,11.54723897266699
930,9.3,12.292455465212807,12.292455465212807
931,9.31,13.051475134883471,13.051475134883471
932,9.32,13.813595137371383,13.813595137371383
933,9.33,14.565183043322083,14.565183043322083
934,9.34,15.289439502287834,15.289439502287834
935,9.35,15.96632309594725,15.96632309594725
936,9.36,16.572723986564775,16.572723986564775
937,9.370000000000001,17.082981135434046,17.082981135434046
938,9.38,17.46983126681761,17.46983126681761
939,9.39,17.705847999933077,17.705847999933077
940,9.4,17.765369744748014,17.765369744748014
941,9.41,17.626823626138545,17.626823626138545
942,9.42,17.27523869248741,17.27523869248741
943,9.43,16.7046274632992,16.7046274632992
944,9.44,15.919835491936542,15.919835491936542
945,9.450000000000001,14.937453231054322,14.937453231054322
946,9.46,13.785480976793178,13.785480976793178
947,9.47,12.501635382429821,12.501635382429821
948,9.48,11.130446171722122,11.130446171722122
949,9.49,9.719544099181206,9.719544099181206
950,9.5,8.315708726438121,8.315708726438121
951,9.51,6.96127481134412,6.96127481134412
952,9.52,5.691384018351202,5.691384018351202
953,9.53,4.53235738359357,4.53235738359357
954,9.540000000000001,3.501223871355554,3.501223871355554
955,9.55,2.6062389732431224,2.6062389732431224
956,9.56,1.8481059659915844,1.8481059659915844
957,9.57,1.2215788588474066,1.2215788588474066
958,9.58,0.7171616727062035,0.7171616727062035
959,9.59,0.3226931035271622,0.3226931035271622
960,9.6,0.024689808442795613,0.024689808442795613
961,9.61,-0.19060459853272843,-0.19060459853272843
962,9.620000000000001,-0.33646384854885747,-0.33646384854885747
963,9.63,-0.4251829515701609,-0.4251829515701609
964,9.64,-0.4677931061839724,-0.4677931061839724
965,9.65,-0.4739363122879706,-0.4739363122879706
966,9.66,-0.4518530782192551,-0.4518530782192551
967,9.67,-0.4084446229244711,-0.4084446229244711
968,9.68,-0.34937972771415954,-0.34937972771415954
969,9.69,-0.2792244337220189,-0.2792244337220189
970,9.700000000000001,-0.20157946900438273,-0.20157946900438273
971,9.71,-0.11921548644753564,-0.11921548644753564
972,9.72,-0.03420002967500743,-0.03420002967500743
973,9.73,0.05198714299482944,0.05198714299482944
974,9.74,0.13835190117419466,0.13835190117419466
975,9.75,0.22429707000154628,0.22429707000154628
976,9.76,0.30954680886018066,0.30954680886018066
977,9.77,0.39408316839774743,0.39408316839774743
978,9.78,0.47809372483380363,0.47809372483380363
979,9.790000000000001,0.5619291008282522,0.5619291008282522
980,9.8,0.646069181050209,0.646069181050209
981,9.81,0.7310968841225591,0.7310968841225591
982,9.82,0.8176784379907889,0.8176784379907889
983,9.83,0.9065492076841589,0.9065492076841589
984,9.84,0.9985042326882968,0.9985042326882968
985,9.85,1.0943927389197683,1.0943927389197683
986,9.86,1.1951159930522173,1.1951159930522173
987,9.870000000000001,1.3016279616746018,1.3016279616746018
988,9.88,1.4149383224395988,1.4149383224395988
989,9.89,1.5361174475677644,1.5361174475677644
990,9.9,1.6663030407073638,1.6663030407073638
991,9.91,1.8067081551738968,1.8067081551738968
992,9.92,1.9586303538103467,1.9586303538103467
993,9.93,2.123461786538654,2.123461786538654
994,9.94,2.3026999589139217,2.3026999589139217
995,9.950000000000001,2.4979589405600593,2.4979589405600593
996,9.96,2.710980711985666,2.710980711985666
997,9.97,2.9436462661365193,2.9436462661365193
998,9.98,3.197985959366224,3.197985959366224
999,9.99,3.4761884351050947,3.4761884351050947
1000,10.0,3.7806072092482457,3.7806072092482457
1001,10.01,4.113763692588887,4.113763692588887
1002,10.02,4.478345012049451,4.478345012049451
1003,10.03,4.877194454555399,4.877194454555399
1004,10.040000000000001,5.313291667109589,5.313291667109589
1005,10.05,5.789718873836897,5.789718873836897
1006,10.06,6.309608286706091,6.309608286706091
1007,10.07,6.876064570497785,6.876064570497785
1008,10.08,7.4920546732772895,7.4920546732772895
1009,10.09,8.160255589309443,8.160255589309443
1010,10.1,8.882848790394606,8.882848790394606
1011,10.11,9.661248369239969,9.661248369239969
1012,10.120000000000001,10.49574879320974,10.49574879320974
1013,10.13,11.385078248369432,11.385078248369432
1014,10.14,12.3258459176273,12.3258459176273
1015,10.15,13.31187771510179,13.31187771510179
1016,10.16,14.333447049567607,14.333447049567607
1017,10.17,15.376427600256676,15.376427600256676
1018,10.18,16.421426376011716,16.421426376011716
1019,10.19,17.442999119266542,17.442999119266542
1020,10.200000000000001,18.40910546032644,18.40910546032644
1021,10.21,19.28102205630266,19.28102205630266
1022,10.22,20.013984009012262,20.013984009012262
1023,10.23,20.558843363506675,20.558843363506675
1024,10.24,20.86498404703619,20.86498404703619
1025,10.25,20.88457899301847,20.88457899301847
1026,10.26,20.577996926465385,20.577996926465385
1027,10.27,19.91978438979694,19.91978438979694
1028,10.28,18.904248816092068,18.904248816092068
1029,10.290000000000001,17.54940145374506,17.54940145374506
1030,10.3,15.898056591311105,15.898056591311105
1031,10.31,14.01533147110857,14.01533147110857
1032,10.32,11.98259671087718,11.98259671087718
1033,10.33,9.888850041954361,9.888850041954361
1034,10.34,7.82118302097015,7.82118302097015
1035,10.35,5.85620227396311,5.85620227396311
1036,10.36,4.053890935854434,4.053890935854434
1037,10.370000000000001,2.4546344151763995,2.4546344151763995
1038,10.38,1.0793039201441124,1.0793039201441124
1039,10.39,-0.06832578840898607,-0.06832578840898607
1040,10.4,-0.9978177718687569,-0.9978177718687569
1041,10.41,-1.7279175628362393,-1.7279175628362393
1042,10.42,-2.2827009565267833,-2.2827009565267833
1043,10.43,-2.688422909445383,-2.688422909445383
1044,10.44,-2.9712034149964905,-2.9712034149964905
1045,10.450000000000001,-3.1555073393427113,-3.1555073393427113
1046,10.46,-3.263281076838332,-3.263281076838332
1047,10.47,-3.313579460829738,-3.313579460829738
1048,10.48,-3.3225265034046467,-3.3225265034046467
1049,10.49,-3.3034821701381722,-3.3034821701381722
1050,10.5,-3.267320482605732,-3.267320482605732
1051,10.51,-3.2227541897210696,-3.2227541897210696
1052,10.52,-3.176665036330517,-3.176665036330517
1053,10.53,-3.1344159365539137,-3.1344159365539137
1054,10.540000000000001,-3.100133046364431,-3.100133046364431
1055,10.55,-3.076953134727074,-3.076953134727074
1056,10.56,-3.0672360293745724,-3.0672360293745724
1057,10.57,-3.0727442800750207,-3.0727442800750207
1058,10.58,-3.0947932879022972,-3.0947932879022972
1059,10.59,-3.1343755066187198,-3.1343755066187198
1060,10.6,-3.1922622634240176,-3.1922622634240176
1061,10.61,-3.269086474157562,-3.269086474157562
1062,10.620000000000001,-3.365409160287306,-3.365409160287306
1063,10.63,-3.4817722755116494,-3.4817722755116494
1064,10.64,-3.6187399499410278,-3.6187399499410278
1065,10.65,-3.7769298723544535,-3.7769298723544535
1066,10.66,-3.957036158393141,-3.957036158393141
1067,10.67,-4.159844691753083,-4.159844691753083
1068,10.68,-4.386241570666704,-4.386241570666704
1069,10.69,-4.637214936043075,-4.637214936043075
1070,10.700000000000001,-4.9138500928402,-4.9138500928402
1071,10.71,-5.217317454944814,-5.217317454944814
1072,10.72,-5.548852439290813,-5.548852439290813
1073,10.73,-5.9097260024766305,-5.9097260024766305
1074,10.74,-6.30120405197599,-6.30120405197599
1075,10.75,-6.724493480141448,-6.724493480141448
1076,10.76,-7.180672079439174,-7.180672079439174
1077,10.77,-7.670599135395271,-7.670599135395271
1078,10.78,-8.194803118097497,-8.194803118097497
1079,10.790000000000001,-8.753342697557684,-8.753342697557684
1080,10.8,-9.345637434394915,-9.345637434394915
1081,10.81,-9.970265148151618,-9.970265148151618
1082,10.82,-10.624724417336582,-10.624724417336582
1083,10.83,-11.305163271967285,-11.305163271967285
1084,10.84,-12.006079320254424,-12.006079320254424
1085,10.85,-12.720002746579683,-12.720002746579683
1086,10.86,-13.437182193385647,-13.437182193385647
1087,10.870000000000001,-14.145304613546825,-14.145304613546825
1088,10.88,-14.829293358473084,-14.829293358473084
1089,10.89,-15.471242788415926,-15.471242788415926
1090,10.9,-16.050560029682092,-16.050560029682092
1091,10.91,-16.544391072170338,-16.544391072170338
1092,10.92,-16.928403599019372,-16.928403599019372
1093,10.93,-17.177976388830828,-17.177976388830828
1094,10.94,-17.269799432699863,-17.269799432699863
1095,10.950000000000001,-17.18381852060171,-17.18381852060171
1096,10.96,-16.90536875949794,-16.90536875949794
1097,10.97,-16.427249078803,-16.427249078803
1098,10.98,-15.751419776405026,-15.751419776405026
1099,10.99,-14.889987543660082,-14.889987543660082
1100,11.0,-13.865201093356223,-13.865201093356223
1101,11.01,-12.708320545196784,-12.708320545196784
1102,11.02,-11.457422446388863,-11.457422446388863
1103,11.03,-10.154411161871417,-10.154411161871417
1104,11.040000000000001,-8.841666725917555,-8.841666725917555
1105,11.05,-7.558821194811535,-7.558821194811535
1106,11.06,-6.340103648320682,-6.340103648320682
1107,11.07,-5.212549493002424,-5.212549493002424
1108,11.08,-4.19518105279424,-4.19518105279424
1109,11.09,-3.2990883600208436,-3.2990883600208436
1110,11.1,-2.5282126098053297,-2.5282126098053297
1111,11.11,-1.8805767285909116,-1.8805767285909116
1112,11.120000000000001,-1.3497117740751534,-1.3497117740751534
1113,11.13,-0.9260742765119223,-0.9260742765119223
1114,11.14,-0.5983146238945527,-0.5983146238945527
1115,11.15,-0.3543210026179897,-0.3543210026179897
1116,11.16,-0.18201566592072113,-0.18201566592072113
1117,11.17,-0.06991613343741733,-0.06991613343741733
1118,11.18,-0.007494140034875654,-0.007494140034875654
1119,11.19,0.014626839475935492,0.014626839475935492
1120,11.200000000000001,0.004594794895771304,0.004594794895771304
1121,11.21,-0.030662894388623275,-0.030662894388623275
1122,11.22,-0.08537623162666595,-0.08537623162666595
1123,11.23,-0.15483668260923478,-0.15483668260923478
1124,11.24,-0.23528506457933168,-0.23528506457933168
1125,11.25,-0.3237947110307036,-0.3237947110307036
1126,11.26,-0.4181574716097458,-0.4181574716097458
1127,11.27,-0.5167772102580904,-0.5167772102580904
1128,11.28,-0.6185733999813636,-0.6185733999813636
1129,11.290000000000001,-0.7228959921357243,-0.7228959921357243
1130,11.3,-0.8294517962073789,-0.8294517962073789
1131,11.31,-0.938242008308195,-0.938242008308195
1132,11.32,-1.0495101699356004,-1.0495101699356004
1133,11.33,-1.1636996468516256,-1.1636996468516256
1134,11.34,-1.281419636500036,-1.281419636500036
1135,11.35,-1.403418702498058,-1.403418702498058
1136,11.36,-1.5305648692690554,-1.5305648692690554
1137,11.370000000000001,-1.6638313698044147,-1.6638313698044147
1138,11.38,-1.8042872114222146,-1.8042872114222146
1139,11.39,-1.9530917985596834,-1.9530917985596834
1140,11.4,-2.111492920902842,-2.111492920902842
1141,11.41,-2.2808274738708203,-2.2808274738708203
1142,11.42,-2.462524321835753,-2.462524321835753
1143,11.43,-2.6581087379791133,-2.6581087379791133
1144,11.44,-2.8692078537143755,-2.8692078537143755
1145,11.450000000000001,-3.0975565199272324,-3.0975565199272324
1146,11.46,-3.3450029157202783,-3.3450029157202783
1147,11.47,-3.613513130385549,-3.613513130385549
1148,11.48,-3.90517378177227,-3.90517378177227
1149,11.49,-4.22219150792089,-4.22219150792089
1150,11.5,-4.566887865568823,-4.566887865568823
1151,11.51,-4.941687773745872,-4.941687773745872
1152,11.52,-5.349099136763741,-5.349099136763741
1153,11.53,-5.791680652355374,-5.791680652355374
1154,11.540000000000001,-6.271994044698965,-6.271994044698965
1155,11.55,-6.792536054227764,-6.792536054227764
1156,11.56,-7.355644479261697,-7.355644479261697
1157,11.57,-7.963371442072907,-7.963371442072907
1158,11.58,-8.617315938585099,-8.617315938585099
1159,11.59,-9.318406801434334,-9.318406801434334
1160,11.6,-10.066626755480698,-10.066626755480698
1161,11.61,-10.860668737468249,-10.860668737468249
1162,11.620000000000001,-11.69751777591368,-11.69751777591368
1163,11.63,-12.571956442024938,-12.571956442024938
1164,11.64,-13.476000424361118,-13.476000424361118
1165,11.65,-14.398284582713181,-14.398284582713181
1166,11.66,-15.323440278165279,-15.323440278165279
1167,11.67,-16.231532646936078,-16.231532646936078
1168,11.68,-17.097661070758292,-17.097661070758292
1169,11.69,-17.891863839328252,-17.891863839328252
1170,11.700000000000001,-18.579500924811335,-18.579500924811335
1171,11.71,-19.122303275002306,-19.122303275002306
1172,11.72,-19.480254119601977,-19.480254119601977
1173,11.73,-19.614386676600212,-19.614386676600212
1174,11.74,-19.490428916556517,-19.490428916556517
1175,11.75,-19.083004315584752,-19.083004315584752
1176,11.76,-18.379844645142743,-18.379844645142743
1177,11.77,-17.385260829433914,-17.385260829433914
1178,11.78,-16.12204803905269,-16.12204803905269
1179,11.790000000000001,-14.631154481361312,-14.631154481361312
1180,11.8,-12.968838001247766,-12.968838001247766
1181,11.81,-11.201588784055298,-11.201588784055298
1182,11.82,-9.399639682001899,-9.399639682001899
1183,11.83,-7.630225498701236,-7.630225498701236
1184,11.84,-5.951765873751373,-5.951765873751373
1185,11.85,-4.40984071560651,-4.40984071560651
1186,11.86,-3.0353323353097483,-3.0353323353097483
1187,11.870000000000001,-1.8446066151485405,-1.8446066151485405
1188,11.88,-0.8412456391459107,-0.8412456391459107
1189,11.89,-0.01869034602587949,-0.01869034602587949
1190,11.9,0.6368168208647622,0.6368168208647622
1191,11.91,1.143452668915282,1.143452668915282
1192,11.92,1.5214762380109776,1.5214762380109776
1193,11.93,1.7914469497518775,1.7914469497518775
1194,11.94,1.9729914327548574,1.9729914327548574
1195,11.950000000000001,2.084043621139441,2.084043621139441
1196,11.96,2.1404549147078464,2.1404549147078464
1197,11.97,2.155870640569559,2.155870640569559
1198,11.98,2.141783093165485,2.141783093165485
1199,11.99,2.1076908502493783,2.1076908502493783
1200,12.0,2.0613133131536774,2.0613133131536774
1201,12.01,2.008825804771872,2.008825804771872
1202,12.02,1.9550932391283469,1.9550932391283469
1203,12.030000000000001,1.903889527879936,1.903889527879936
1204,12.040000000000001,1.8580961236574143,1.8580961236574143
1205,12.05,1.819877127204252,1.819877127204252
1206,12.06,1.7908308446849073,1.7908308446849073
1207,12.07,1.7721190828349158,1.7721190828349158
1208,12.08,1.7645761874928405,1.7645761874928405
1209,12.09,1.7688001254830081,1.7688001254830081
1210,12.1,1.7852279530840243,1.7852279530840243
1211,12.11,1.814197916200574,1.814197916200574
1212,12.120000000000001,1.8560002554019215,1.8560002554019215
1213,12.13,1.9109185833831632,1.9109185833831632
1214,12.14,1.9792634861876366,1.9792634861876366
1215,12.15,2.0613997852754964,2.0613997852754964
1216,12.16,2.157768691499718,2.157768691499718
1217,12.17,2.2689058866941068,2.2689058866941068
1218,12.18,2.395456383909353,2.395456383909353
1219,12.19,2.5381868417120836,2.5381868417120836
1220,12.200000000000001,2.6979958384472296,2.6979958384472296
1221,12.21,2.875922444842488,2.875922444842488
1222,12.22,3.0731532625060107,3.0731532625060107
1223,12.23,3.2910279151461617,3.2910279151461617
1224,12.24,3.5310427806863043,3.5310427806863043
1225,12.25,3.794852526176768,3.794852526176768
1226,12.26,4.084268742010515,4.084268742010515
1227,12.27,4.401254653969624,4.401254653969624
1228,12.280000000000001,4.747914505704899,4.747914505704899
1229,12.290000000000001,5.1264757334980295,5.1264757334980295
1230,12.3,5.539261482157141,5.539261482157141
1231,12.31,5.988650319707966,5.988650319707966
1232,12.32,6.47701918834998,6.47701918834998
1233,12.33,7.006664680474979,7.006664680474979
1234,12.34,7.579696673268327,7.579696673268327
1235,12.35,8.197897252170886,8.197897252170886
1236,12.36,8.862536820389163,8.862536820389163
1237,12.370000000000001,9.574138538097449,9.574138538097449
1238,12.38,10.332182103421749,10.332182103421749
1239,12.39,11.134738903204989,11.134738903204989
1240,12.4,11.978033484192755,11.978033484192755
1241,12.41,12.855932151280461,12.855932151280461
1242,12.42,13.759369563991498,13.759369563991498
1243,12.43,14.67573986812255,14.67573986812255
1244,12.44,15.588301345704885,15.588301345704885
1245,12.450000000000001,16.475673121241186,16.475673121241186
1246,12.46,17.31153757314169,17.31153757314169
1247,12.47,18.0646979382983,18.0646979382983
1248,12.48,18.69966759456811,18.69966759456811
1249,12.49,19.1779705640139,19.1779705640139
1250,12.5,19.460292491708994,19.460292491708994
1251,12.51,19.509518854907146,19.509518854907146
1252,12.52,19.294523639923547,19.294523639923547
1253,12.530000000000001,18.794341344376175,18.794341344376175
1254,12.540000000000001,18.00211593451213,18.00211593451213
1255,12.55,16.92805365707627,16.92805365707627
1256,12.56,15.600605914449758,15.600605914449758
1257,12.57,14.06533744087451,14.06533744087451
1258,12.58,12.381380879342318,12.381380879342318
1259,12.59,10.615930767243231,10.615930767243231
1260,12.6,8.837708479625277,8.837708479625277
1261,12.61,7.110562958533487,7.110562958533487
1262,12.620000000000001,5.488279115245876,5.488279115245876
1263,12.63,4.011295690358838,4.011295690358838
1264,12.64,2.7055363660376988,2.7055363660376988
1265,12.65,1.5831044362484845,1.5831044362484845
1266,12.66,0.6443027529950589,0.6443027529950589
1267,12.67,-0.1196486091622736,-0.1196486091622736
1268,12.68,-0.7237530660677399,-0.7237530660677399
1269,12.69,-1.1866334807852001,-1.1866334807852001
1270,12.700000000000001,-1.5284032338611224,-1.5284032338611224
1271,12.71,-1.769083739480159,-1.769083739480159
1272,12.72,-1.9275388161534461,-1.9275388161534461
1273,12.73,-2.0208422180574206,-2.0208422180574206
1274,12.74,-2.0639764118580173,-2.0639764118580173
1275,12.75,-2.06976503211966,-2.06976503211966
1276,12.76,-2.0489570454664956,-2.0489570454664956
1277,12.77,-2.0103996808669007,-2.0103996808669007
1278,12.780000000000001,-1.9612551489316707,-1.9612551489316707
1279,12.790000000000001,-1.9072310537899895,-1.9072310537899895
1280,12.8,-1.8528057111841936,-1.8528057111841936
1281,12.81,-1.80143764059753,-1.80143764059753
1282,12.82,-1.7557539268390276,-1.7557539268390276
1283,12.83,-1.7177156175083008,-1.7177156175083008
1284,12.84,-1.6887604197760655,-1.6887604197760655
1285,12.85,-1.6699241372660452,-1.6699241372660452
1286,12.86,-1.661942875064862,-1.661942875064862
1287,12.870000000000001,-1.665338264532507,-1.665338264532507
1288,12.88,-1.680487968734386,-1.680487968734386
1289,12.89,-1.7076836185642121,-1.7076836185642121
1290,12.9,-1.747178157054003,-1.747178157054003
1291,12.91,-1.799224369525131,-1.799224369525131
1292,12.92,-1.8641061699827823,-1.8641061699827823
1293,12.93,-1.9421640103818754,-1.9421640103818754
1294,12.94,-2.0338155845516463,-2.0338155845516463
1295,12.950000000000001,-2.139572814789939,-2.139572814789939
1296,12.96,-2.260055936428517,-2.260055936428517
1297,12.97,-2.3960053325393114,-2.3960053325393114
1298,12.98,-2.5482916147264203,-2.5482916147264203
1299,12.99,-2.7179242928799114,-2.7179242928799114
1300,13.0,-2.9060592220068298,-2.9060592220068298
1301,13.01,-3.1140048517503787,-3.1140048517503787
1302,13.02,-3.343227126535734,-3.343227126535734
1303,13.030000000000001,-3.595352682429934,-3.595352682429934
1304,13.040000000000001,-3.8721697499422274,-3.8721697499422274
1305,13.05,-4.175625887252834,-4.175625887252834
1306,13.06,-4.50782132071932,-4.50782132071932
1307,13.07,-4.870996241895078,-4.870996241895078
1308,13.08,-5.267509884113015,-5.267509884113015
1309,13.09,-5.699808558144461,-5.699808558144461
1310,13.1,-6.17037904914577,-6.17037904914577
1311,13.11,-6.681682856744282,-6.681682856744282
1312,13.120000000000001,-7.2360657023409045,-7.2360657023409045
1313,13.13,-7.83563556571507,-7.83563556571507
1314,13.14,-8.482101326784544,-8.482101326784544
1315,13.15,-9.176563032692341,-9.176563032692341
1316,13.16,-9.91924415360958,-9.91924415360958
1317,13.17,-10.709156364446166,-10.709156364446166
1318,13.18,-11.54368904648129,-11.54368904648129
1319,13.19,-12.418119769510193,-12.418119769510193
1320,13.200000000000001,-13.325049716623003,-13.325049716623003
1321,13.21,-14.253780820307876,-14.253780820307876
1322,13.22,-15.18967079588193,-15.18967079588193
1323,13.23,-16.113529352937817,-16.113529352937817
1324,13.24,-17.001153405431452,-17.001153405431452
1325,13.25,-17.82313824329872,-17.82313824329872
1326,13.26,-18.545138271484994,-18.545138271484994
1327,13.27,-19.128772224804536,-19.128772224804536
1328,13.280000000000001,-19.53335493071612,-19.53335493071612
1329,13.290000000000001,-19.71856870741605,-19.71856870741605
1330,13.3,-19.648044600331882,-19.648044600331882
1331,13.31,-19.29360595062043,-19.29360595062043
1332,13.32,-18.639664641215305,-18.639664641215305
1333,13.33,-17.687023638503863,-17.687023638503863
1334,13.34,-16.455227830715366,-16.455227830715366
1335,13.35,-14.982713360376684,-14.982713360376684
1336,13.36,-13.324370710896307,-13.324370710896307
1337,13.370000000000001,-11.546694522278296,-11.546694522278296
1338,13.38,-9.721278373694396,-9.721278373694396
1339,13.39,-7.917820094700401,-7.917820094700401
1340,13.4,-6.197882794634014,-6.197882794634014
1341,13.41,-4.610389873174999,-4.610389873174999
1342,13.42,-3.189336605724269,-3.189336605724269
1343,13.43,-1.9536653544546676,-1.9536653544546676
1344,13.44,-0.908843998725656,-0.908843998725656
1345,13.450000000000001,-0.04949149382212836,-0.04949149382212836
1346,13.46,0.6375988138605448,0.6375988138605448
1347,13.47,1.1705471036100883,1.1705471036100883
1348,13.48,1.569903784180743,1.569903784180743
1349,13.49,1.8567339663082327,1.8567339663082327
1350,13.5,2.0512764776131256,2.0512764776131256
1351,13.51,2.172105508288222,2.172105508288222
1352,13.52,2.235689180538071,2.235689180538071
1353,13.530000000000001,2.2562360258148884,2.2562360258148884
1354,13.540000000000001,2.245733818032234,2.245733818032234
1355,13.55,2.214105256755964,2.214105256755964
1356,13.56,2.1694253472969356,2.1694253472969356
1357,13.57,2.118162855944274,2.118162855944274
1358,13.58,2.065421880275822,2.065421880275822
1359,13.59,2.0151694759242615,2.0151694759242615
1360,13.6,1.970442044022147,1.970442044022147
1361,13.61,1.9335275582690734,1.9335275582690734
1362,13.620000000000001,1.90612338443195,1.90612338443195
1363,13.63,1.889470969508059,1.889470969508059
1364,13.64,1.8844694598663674,1.8844694598663674
1365,13.65,1.8917706304585722,1.8917706304585722
1366,13.66,1.9118575582231314,1.9118575582231314
1367,13.67,1.9451093714354777,1.9451093714354777
1368,13.68,1.9918542261638634,1.9918542261638634
1369,13.69,2.0524124444435983,2.0524124444435983
1370,13.700000000000001,2.127131520850683,2.127131520850683
1371,13.71,2.2164144780226995,2.2164144780226995
1372,13.72,2.320742833698747,2.320742833698747
1373,13.73,2.4406952342763324,2.4406952342763324
1374,13.74,2.576962612376247,2.576962612376247
1375,13.75,2.7303605363612724,2.7303605363612724
1376,13.76,2.901839234675108,2.901839234675108
1377,13.77,3.0924915924955005,3.0924915924955005
1378,13.780000000000001,3.3035592264898406,3.3035592264898406
1379,13.790000000000001,3.5364365379972313,3.5364365379972313
1380,13.8,3.7926724167833994,3.7926724167833994
1381,13.81,4.073969005995014,4.073969005995014
1382,13.82,4.382176631689024,4.382176631689024
1383,13.83,4.719283633244959,4.719283633244959
1384,13.84,5.087399388664312,5.087399388664312
1385,13.85,5.488728295366255,5.488728295366255
1386,13.86,5.925531828112615,5.925531828112615
1387,13.870000000000001,6.400075041257989,6.400075041257989
1388,13.88,6.914553012832956,6.914553012832956
1389,13.89,7.4709917621161495,7.4709917621161495
1390,13.9,8.071117161783974,8.071117161783974
1391,13.91,8.716184414066907,8.716184414066907
1392,13.92,9.406759951080991,9.406759951080991
1393,13.93,10.14244745239695,10.14244745239695
1394,13.94,10.921550507693512,10.921550507693512
1395,13.950000000000001,11.740666953711855,11.740666953711855
1396,13.96,12.594214983786193,12.594214983786193
1397,13.97,13.473899891252573,13.473899891252573
1398,13.98,14.368144012878528,14.368144012878528
1399,13.99,15.261522184623656,15.261522184623656
1400,14.0,16.134271233097902,16.134271233097902
1401,14.01,16.961973585395764,16.961973585395764
1402,14.02,17.715548135073544,17.715548135073544
1403,14.030000000000001,18.361708152823844,18.361708152823844
1404,14.040000000000001,18.86405348977778,18.86405348977778
1405,14.05,19.18493561972711,19.18493561972711
1406,14.06,19.28815170995438,19.28815170995438
1407,14.07,19.142377558699692,19.142377558699692
1408,14.08,18.7250467655836,18.7250467655836
1409,14.09,18.026161504101566,18.026161504101566
1410,14.1,17.051346356740215,17.051346356740215
1411,14.11,15.823415063729522,15.823415063729522
1412,14.120000000000001,14.381877797763678,14.381877797763678
1413,14.13,12.780181323391618,12.780181323391618
1414,14.14,11.080967670664998,11.080967670664998
1415,14.15,9.350108171320914,9.350108171320914
1416,14.16,7.650555105623878,7.650555105623878
1417,14.17,6.03705230440703,6.03705230440703
1418,14.18,4.55247035958896,4.55247035958896
1419,14.19,3.2260955640695492,3.2260955640695492
1420,14.200000000000001,2.0737607187121765,2.0737607187121765
1421,14.21,1.0993880032725927,1.0993880032725927
1422,14.22,0.29737479231533603,0.29737479231533603
1423,14.23,-0.3447239955588547,-0.3447239955588547
1424,14.24,-0.8436379879912832,-0.8436379879912832
1425,14.25,-1.2182072443273908,-1.2182072443273908
1426,14.26,-1.4877033868578686,-1.4877033868578686
1427,14.27,-1.6706486902154312,-1.6706486902154312
1428,14.280000000000001,-1.784071139806338,-1.784071139806338
1429,14.290000000000001,-1.8431054967589915,-1.8431054967589915
1430,14.3,-1.8608474591124626,-1.8608474591124626
1431,14.31,-1.8483789851507377,-1.8483789851507377
1432,14.32,-1.8148994459535095,-1.8148994459535095
1433,14.33,-1.7679143258140602,-1.7679143258140602
1434,14.34,-1.7134480503526752,-1.7134480503526752
1435,14.35,-1.656259252511287,-1.656259252511287
1436,14.36,-1.600045412078222,-1.600045412078222
1437,14.370000000000001,-1.547629795398326,-1.547629795398326
1438,14.38,-1.5011275764558563,-1.5011275764558563
1439,14.39,-1.4620905003720817,-1.4620905003720817
1440,14.4,-1.431630915120517,-1.431630915120517
1441,14.41,-1.410526792385322,-1.410526792385322
1442,14.42,-1.399309728582038,-1.399309728582038
1443,14.43,-1.3983380275551411,-1.3983380275551411
1444,14.44,-1.4078569251544837,-1.4078569251544837
1445,14.450000000000001,-1.4280478908373204,-1.4280478908373204
1446,14.46,-1.459068774463595,-1.459068774463595
1447,14.47,-1.5010863825976664,-1.5010863825976664
1448,14.48,-1.5543028824951983,-1.5543028824951983
1449,14.49,-1.618977251717987,-1.618977251717987
1450,14.5,-1.6954428212253647,-1.6954428212253647
1451,14.51,-1.7841218016216007,-1.7841218016216007
1452,14.52,-1.8855375361636812,-1.8855375361636812
1453,14.530000000000001,-2.0003250891736597,-2.0003250891736597
1454,14.540000000000001,-2.1292406527620025,-2.1292406527620025
1455,14.55,-2.2731701355411866,-2.2731701355411866
1456,14.56,-2.433137180759328,-2.433137180759328
1457,14.57,-2.610310743583124,-2.610310743583124
1458,14.58,-2.806012232643734,-2.806012232643734
1459,14.59,-3.0217220827265745,-3.0217220827265745
1460,14.6,-3.2590854654338965,-3.2590854654338965
1461,14.61,-3.519916652756751,-3.519916652756751
1462,14.620000000000001,-3.806201312569076,-3.806201312569076
1463,14.63,-4.120095720391662,-4.120095720391662
1464,14.64,-4.463921500878241,-4.463921500878241
1465,14.65,-4.840154045046387,-4.840154045046387
1466,14.66,-5.251402162630716,-5.251402162630716
1467,14.67,-5.700375799319493,-5.700375799319493
1468,14.68,-6.189837754016846,-6.189837754016846
1469,14.69,-6.722534256593923,-6.722534256593923
1470,14.700000000000001,-7.301098012870327,-7.301098012870327
1471,14.71,-7.927915922800311,-7.927915922800311
1472,14.72,-8.604952216269014,-8.604952216269014
1473,14.73,-9.333516403626444,-9.333516403626444
1474,14.74,-10.113964517813134,-10.113964517813134
1475,14.75,-10.945322146080642,-10.945322146080642
1476,14.76,-11.824819503890904,-11.824819503890904
1477,14.77,-12.747333435208915,-12.747333435208915
1478,14.780000000000001,-13.70474026705708,-13.70474026705708
1479,14.790000000000001,-14.68519877083982,-14.68519877083982
1480,14.8,-15.67240603209416,-15.67240603209416
1481,14.81,-16.64490221096799,-16.64490221096799
1482,14.82,-17.57554272787041,-17.57554272787041
1483,14.83,-18.43130465787961,-18.43130465787961
1484,14.84,-19.17363876961326,-19.17363876961326
1485,14.85,-19.75960283255939,-19.75960283255939
1486,14.86,-20.143990957045595,-20.143990957045595
1487,14.870000000000001,-20.282579582319446,-20.282579582319446
1488,14.88,-20.13642204188255,-20.13642204188255
1489,14.89,-19.67684356209945,-19.67684356209945
1490,14.9,-18.890463612817985,-18.890463612817985
1491,14.91,-17.783300791257282,-17.783300791257282
1492,14.92,-16.382927986978924,-16.382927986978924
1493,14.93,-14.737853834510137,-14.737853834510137
1494,14.94,-12.91383068544674,-12.91383068544674
1495,14.950000000000001,-10.98751062353119,-10.98751062353119
1496,14.96,-9.03855243806801,-9.03855243806801
1497,14.97,-7.141668562173613,-7.141668562173613
1498,14.98,-5.360046302714682,-5.360046302714682
1499,14.99,-3.7411221161263297,-3.7411221161263297
1500,15.0,-2.3150284486747625,-2.3150284486747625
1501,15.01,-1.095415314974198,-1.095415314974198
1502,15.02,-0.08195162166171222,-0.08195162166171222
1503,15.030000000000001,0.736311299525055,0.736311299525055
1504,15.040000000000001,1.377432531852191,1.377432531852191
1505,15.05,1.8634324840186522,1.8634324840186522
1506,15.06,2.217767029423603,2.217767029423603
1507,15.07,2.4634966775166727,2.4634966775166727
1508,15.08,2.622096193884559,2.622096193884559
1509,15.09,2.712786880150656,2.712786880150656
1510,15.1,2.7522569373435015,2.7522569373435015
1511,15.11,2.7546461755538734,2.7546461755538734
1512,15.120000000000001,2.7316946562462183,2.7316946562462183
1513,15.13,2.692980762073453,2.692980762073453
1514,15.14,2.646197396464059,2.646197396464059
1515,15.15,2.5974334567816832,2.5974334567816832
1516,15.16,2.551441212597019,2.551441212597019
1517,15.17,2.511879453704112,2.511879453704112
1518,15.18,2.4815282266962324,2.4815282266962324
1519,15.19,2.4624745888306308,2.4624745888306308
1520,15.200000000000001,2.4562708376451647,2.4562708376451647
1521,15.21,2.4640676924555924,2.4640676924555924
1522,15.22,2.486725304241416,2.486725304241416
1523,15.23,2.5249050134110673,2.5249050134110673
1524,15.24,2.5791446236774127,2.5791446236774127
1525,15.25,2.6499197126130625,2.6499197126130625
1526,15.26,2.737693211235105,2.737693211235105
1527,15.27,2.8429551861209617,2.8429551861209617
1528,15.280000000000001,2.9662544625664853,2.9662544625664853
1529,15.290000000000001,3.1082234416688044,3.1082234416688044
1530,15.3,3.2695971882611223,3.2695971882611223
1531,15.31,3.4512275975561613,3.4512275975561613
1532,15.32,3.654093181357681,3.654093181357681
1533,15.33,3.8793047434467263,3.8793047434467263
1534,15.34,4.128106930615504,4.128106930615504
1535,15.35,4.401875342008863,4.401875342008863
1536,15.36,4.702108545140852,4.702108545140852
1537,15.370000000000001,5.03041397173126,5.03041397173126
1538,15.38,5.388486239953883,5.388486239953883
1539,15.39,5.7780759627249445,5.7780759627249445
1540,15.4,6.200946548691157,6.200946548691157
1541,15.41,6.658815884985323,6.658815884985323
1542,15.42,7.153279122382748,7.153279122382748
1543,15.43,7.6857080984693615,7.6857080984693615
1544,15.44,8.257122299129868,8.257122299129868
1545,15.450000000000001,8.868025787282413,8.868025787282413
1546,15.46,9.518204402865532,9.518204402865532
1547,15.47,10.206478034758788,10.206478034758788
1548,15.48,10.93040427624912,10.93040427624912
1549,15.49,11.685932829246815,11.685932829246815
1550,15.5,12.467015280157268,12.467015280157268
1551,15.51,13.265183078966885,13.265183078966885
1552,15.52,14.069118416539418,14.069118416539418
1553,15.530000000000001,14.86425861942111,14.86425861942111
1554,15.540000000000001,15.632494349592417,15.632494349592417
1555,15.55,16.35204365768772,16.35204365768772
1556,15.56,16.997604077697076,16.997604077697076
1557,15.57,17.54089706349535,17.54089706349535
1558,15.58,17.951713977309357,17.951713977309357
1559,15.59,18.199539740285,18.199539740285
1560,15.6,18.255759762489284,18.255759762489284
1561,15.610000000000001,18.096345144104404,18.096345144104404
1562,15.620000000000001,17.704770706840566,17.704770706840566
1563,15.63,17.074778385782675,17.074778385782675
1564,15.64,16.21249982945408,16.21249982945408
1565,15.65,15.137447352902992,15.137447352902992
1566,15.66,13.88200723160757,13.88200723160757
1567,15.67,12.48932105524626,12.48932105524626
1568,15.68,11.009766366261298,11.009766366261298
1569,15.69,9.496554224767019,9.496554224767019
1570,15.700000000000001,8.001150309809116,8.001150309809116
1571,15.71,6.569236425036691,6.569236425036691
1572,15.72,5.237764100903743,5.237764100903743
1573,15.73,4.033375536305197,4.033375536305197
1574,15.74,2.9721727743489033,2.9721727743489033
1575,15.75,2.0605860155403466,2.0605860155403466
1576,15.76,1.2969698626601516,1.2969698626601516
1577,15.77,0.6735419613024332,0.6735419613024332
1578,15.780000000000001,0.1783416866414207,0.1783416866414207
1579,15.790000000000001,-0.20301322058769206,-0.20301322058769206
1580,15.8,-0.485891520900711,-0.485891520900711
1581,15.81,-0.6855706572329361,-0.6855706572329361
1582,15.82,-0.8164955013961332,-0.8164955013961332
1583,15.83,-0.8918221317881792,-0.8918221317881792
1584,15.84,-0.9231841146876831,-0.9231841146876831
1585,15.85,-0.9206205187990187,-0.9206205187990187
1586,15.860000000000001,-0.8926133557338487,-0.8926133557338487
1587,15.870000000000001,-0.8461930067016927,-0.8461930067016927
1588,15.88,-0.7870808676724569,-0.7870808676724569
1589,15.89,-0.7198476333860522,-0.7198476333860522
1590,15.9,-0.6480729176550819,-0.6480729176550819
1591,15.91,-0.574497331019844,-0.574497331019844
1592,15.92,-0.5011619863583235,-0.5011619863583235
1593,15.93,-0.429533020211593,-0.429533020211593
1594,15.94,-0.36061042318849995,-0.36061042318849995
1595,15.950000000000001,-0.29502153257948094,-0.29502153257948094
1596,15.96,-0.2331001580606796,-0.2331001580606796
1597,15.97,-0.17495263541123393,-0.17495263541123393
1598,15.98,-0.12051223732519173,-0.12051223732519173
1599,15.99,-0.06958338530120878,-0.06958338530120878
1600,16.0,-0.021877049268676063,-0.021877049268676063
1601,16.01,0.022961377098560783,0.022961377098560783
1602,16.02,0.06533055750995188,0.06533055750995188
1603,16.03,0.10565701133752642,0.10565701133752642
1604,16.04,0.14438331864020573,0.14438331864020573
1605,16.05,0.18195994558132364,0.18195994558132364
1606,16.06,0.21884002001508604,0.21884002001508604
1607,16.07,0.2554764934865056,0.2554764934865056
1608,16.080000000000002,0.2923212218997189,0.2923212218997189
1609,16.09,0.3298255825022919,0.3298255825022919
1610,16.1,0.36844231988684606,0.36844231988684606
1611,16.11,0.4086283789967481,0.4086283789967481
1612,16.12,0.45084853939371594,0.45084853939371594
1613,16.13,0.4955797131568845,0.4955797131568845
1614,16.14,0.543315809627604,0.543315809627604
1615,16.15,0.59457310467332,0.59457310467332
1616,16.16,0.6498960810498233,0.6498960810498233
1617,16.17,0.7098637305481694,0.7098637305481694
1618,16.18,0.7750963285724216,0.7750963285724216
1619,16.19,0.8462627081348153,0.8462627081348153
1620,16.2,0.9240880733579114,0.9240880733579114
1621,16.21,1.009362402649696,1.009362402649696
1622,16.22,1.1029494987750454,1.1029494987750454
1623,16.23,1.205796746846629,1.205796746846629
1624,16.240000000000002,1.3189456412550868,1.3189456412550868
1625,16.25,1.4435431378186783,1.4435431378186783
1626,16.26,1.5808538765213036,1.5808538765213036
1627,16.27,1.7322733010334828,1.7322733010334828
1628,16.28,1.8993416708167723,1.8993416708167723
1629,16.29,2.0837589158955256,2.0837589158955256
1630,16.3,2.2874002177192994,2.2874002177192994
1631,16.31,2.512332104304232,2.512332104304232
1632,16.32,2.7608287137579937,2.7608287137579937
1633,16.330000000000002,3.0353876936324853,3.0353876936324853
1634,16.34,3.338744946122424,3.338744946122424
1635,16.35,3.6738870770732746,3.6738870770732746
1636,16.36,4.044059929155293,4.044059929155293
1637,16.37,4.452770936966984,4.452770936966984
1638,16.38,4.9037821850443635,4.9037821850443635
1639,16.39,5.401089919233706,5.401089919233706
1640,16.4,5.948884788850277,5.948884788850277
1641,16.41,6.551485207847181,6.551485207847181
1642,16.42,7.21323384979212,7.21323384979212
1643,16.43,7.938344392234115,7.938344392234115
1644,16.44,8.730682224104761,8.730682224104761
1645,16.45,9.593459077805983,9.593459077805983
1646,16.46,10.528817832295083,10.528817832295083
1647,16.47,11.537280833575759,11.537280833575759
1648,16.48,12.617034387562612,12.617034387562612
1649,16.490000000000002,13.763025885388771,13.763025885388771
1650,16.5,14.96586179926733,14.96586179926733
1651,16.51,16.210519378128186,16.210519378128186
1652,16.52,17.47492826091392,17.47492826091392
1653,16.53,18.728546436975318,18.728546436975318
1654,16.54,19.93115138597175,19.93115138597175
1655,16.55,21.032187499247282,21.032187499247282
1656,16.56,21.971135456827394,21.971135456827394
1657,16.57,22.67945490126005,22.67945490126005
1658,16.580000000000002,23.08462759463634,23.08462759463634
1659,16.59,23.116605617316022,23.116605617316022
1660,16.6,22.7164771454173,22.7164771454173
1661,16.61,21.846411842098867,21.846411842098867
1662,16.62,20.499102693824764,20.499102693824764
1663,16.63,18.70431921864595,18.70431921864595
1664,16.64,16.530242865949504,16.530242865949504
1665,16.65,14.07822878681388,14.07822878681388
1666,16.66,11.471380263940006,11.471380263940006
1667,16.67,8.839211920141826,8.839211920141826
1668,16.68,6.301888212755317,6.301888212755317
1669,16.69,3.957498958833879,3.957498958833879
1670,16.7,1.874634783559027,1.874634783559027
1671,16.71,0.09077027334126075,0.09077027334126075
1672,16.72,-1.3845790428221514,-1.3845790428221514
1673,16.73,-2.5637901298627077,-2.5637901298627077
1674,16.740000000000002,-3.474077437203257,-3.474077437203257
1675,16.75,-4.150908866189368,-4.150908866189368
1676,16.76,-4.632712826025595,-4.632712826025595
1677,16.77,-4.957134003516897,-4.957134003516897
1678,16.78,-5.158723029349368,-5.158723029349368
1679,16.79,-5.267765004021369,-5.267765004021369
1680,16.8,-5.309911670518013,-5.309911670518013
1681,16.81,-5.306320443537456,-5.306320443537456
1682,16.82,-5.274072573696007,-5.274072573696007
1683,16.830000000000002,-5.22671336487141,-5.22671336487141
1684,16.84,-5.174816035744974,-5.174816035744974
1685,16.85,-5.126513855747419,-5.126513855747419
1686,16.86,-5.087973939106707,-5.087973939106707
1687,16.87,-5.0638037339835975,-5.0638037339835975
1688,16.88,-5.057391121669187,-5.057391121669187
1689,16.89,-5.071183896009381,-5.071183896009381
1690,16.9,-5.106916237363816,-5.106916237363816
1691,16.91,-5.165789977033127,-5.165789977033127
1692,16.92,-5.248617808613946,-5.248617808613946
1693,16.93,-5.355934631733664,-5.355934631733664
1694,16.94,-5.488082173852746,-5.488082173852746
1695,16.95,-5.645271053257604,-5.645271053257604
1696,16.96,-5.827623570076907,-5.827623570076907
1697,16.97,-6.035199751884387,-6.035199751884387
1698,16.98,-6.268008528890338,-6.268008528890338
1699,16.990000000000002,-6.5260053590541425,-6.5260053590541425
1700,17.0,-6.80907715611788,-6.80907715611788
1701,17.01,-7.117014989878452,-7.117014989878452
1702,17.02,-7.4494747322079675,-7.4494747322079675
1703,17.03,-7.805925627941524,-7.805925627941524
1704,17.04,-8.185586700808148,-8.185586700808148
1705,17.05,-8.587350996560156,-8.587350996560156
1706,17.06,-9.009697965703989,-9.009697965703989
1707,17.07,-9.450594855173977,-9.450594855173977
1708,17.080000000000002,-9.907388878327996,-9.907388878327996
1709,17.09,-10.376693233271546,-10.376693233271546
1710,17.1,-10.854271796691291,-10.854271796691291
1711,17.11,-11.334929558145685,-11.334929558145685
1712,17.12,-11.812418540464229,-11.812418540464229
1713,17.13,-12.279371936801843,-12.279371936801843
1714,17.14,-12.727282198047329,-12.727282198047329
1715,17.150000000000002,-13.146541347964646,-13.146541347964646
1716,17.16,-13.526563190707876,-13.526563190707876
1717,17.17,-13.856006404179631,-13.856006404179631
1718,17.18,-14.123113762755526,-14.123113762755526
1719,17.19,-14.316174954883088,-14.316174954883088
1720,17.2,-14.424108082334874,-14.424108082334874
1721,17.21,-14.437138148983523,-14.437138148983523
1722,17.22,-14.347531042272303,-14.347531042272303
1723,17.23,-14.150321476486967,-14.150321476486967
1724,17.240000000000002,-13.843957216429015,-13.843957216429015
1725,17.25,-13.430774431928242,-13.430774431928242
1726,17.26,-12.917224547885478,-12.917224547885478
1727,17.27,-12.313793734807595,-12.313793734807595
1728,17.28,-11.634591138609112,-11.634591138609112
1729,17.29,-10.896626035090597,-10.896626035090597
1730,17.3,-10.118839025672065,-10.118839025672065
1731,17.31,-9.32098863424617,-9.32098863424617
1732,17.32,-8.522514179678971,-8.522514179678971
1733,17.330000000000002,-7.741494501539824,-7.741494501539824
1734,17.34,-6.993801093773448,-6.993801093773448
1735,17.35,-6.292509184872806,-6.292509184872806
1736,17.36,-5.647589688106684,-5.647589688106684
1737,17.37,-5.065867195155681,-5.065867195155681
1738,17.38,-4.55120062831342,-4.55120062831342
1739,17.39,-4.104826846833067,-4.104826846833067
1740,17.400000000000002,-3.7258032387340254,-3.7258032387340254
1741,17.41,-3.4114906223796426,-3.4114906223796426
1742,17.42,-3.1580290666516784,-3.1580290666516784
1743,17.43,-2.9607729901390676,-2.9607729901390676
1744,17.44,-2.814665346487451,-2.814665346487451
1745,17.45,-2.714542099128493,-2.714542099128493
1746,17.46,-2.6553667545068493,-2.6553667545068493
1747,17.47,-2.6324004053127203,-2.6324004053127203
1748,17.48,-2.641315920625759,-2.641315920625759
1749,17.490000000000002,-2.6782661868477913,-2.6782661868477913
1750,17.5,-2.7399162487690503,-2.7399162487690503
1751,17.51,-2.823448340871202,-2.823448340871202
1752,17.52,-2.926547532071061,-2.926547532071061
1753,17.53,-3.047374308190854,-3.047374308190854
1754,17.54,-3.1845290577955407,-3.1845290577955407
1755,17.55,-3.337012202539096,-3.337012202539096
1756,17.56,-3.5041826624975383,-3.5041826624975383
1757,17.57,-3.6857164756421557,-3.6857164756421557
1758,17.580000000000002,-3.8815666847759074,-3.8815666847759074
1759,17.59,-4.091925041811678,-4.091925041811678
1760,17.6,-4.317185632180952,-4.317185632180952
1761,17.61,-4.5579101661298465,-4.5579101661298465
1762,17.62,-4.814794396045448,-4.814794396045448
1763,17.63,-5.088634880674091,-5.088634880674091
1764,17.64,-5.38029511301978,-5.38029511301978
1765,17.650000000000002,-5.690669847947558,-5.690669847947558
1766,17.66,-6.020646301766856,-6.020646301766856
1767,17.67,-6.37106074829089,-6.37106074829089
1768,17.68,-6.742648909321683,-6.742648909321683
1769,17.69,-7.135988445293277,-7.135988445293277
1770,17.7,-7.551431816891287,-7.551431816891287
1771,17.71,-7.989027846198437,-7.989027846198437
1772,17.72,-8.448430506744462,-8.448430506744462
1773,17.73,-8.928793883841575,-8.928793883841575
1774,17.740000000000002,-9.428652956896224,-9.428652956896224
1775,17.75,-9.945790969092767,-9.945790969092767
1776,17.76,-10.477095784154132,-10.477095784154132
1777,17.77,-11.018409900483741,-11.018409900483741
1778,17.78,-11.564381788760397,-11.564381788760397
1779,17.79,-12.108329961136029,-12.108329961136029
1780,17.8,-12.64213556261389,-12.64213556261389
1781,17.81,-13.156183988075847,-13.156183988075847
1782,17.82,-13.639380472419635,-13.639380472419635
1783,17.830000000000002,-14.079267814631908,-14.079267814631908
1784,17.84,-14.462275033416685,-14.462275033416685
1785,17.85,-14.774122166825576,-14.774122166825576
1786,17.86,-15.000396931130716,-15.000396931130716
1787,17.87,-15.127302281374911,-15.127302281374911
1788,17.88,-15.142549904943296,-15.142549904943296
1789,17.89,-15.036345021962314,-15.036345021962314
1790,17.900000000000002,-14.802376673401254,-14.802376673401254
1791,17.91,-14.438701471024435,-14.438701471024435
1792,17.92,-13.948395542151774,-13.948395542151774
1793,17.93,-13.339856539409187,-13.339856539409187
1794,17.94,-12.626669210079452,-12.626669210079452
1795,17.95,-11.827002409265383,-11.827002409265383
1796,17.96,-10.962573968260193,-10.962573968260193
1797,17.97,-10.057288306209212,-10.057288306209212
1798,17.98,-9.135704142845421,-9.135704142845421
1799,17.990000000000002,-8.221513440747524,-8.221513440747524
1800,18.0,-7.336202595468747,-7.336202595468747
1801,18.01,-6.498026838491502,-6.498026838491502
1802,18.02,-5.721370182875836,-5.721370182875836
1803,18.03,-5.01650067895975,-5.01650067895975
1804,18.04,-4.389677510218297,-4.389677510218297
1805,18.05,-3.84353099031461,-3.84353099031461
1806,18.06,-3.377621295333931,-3.377621295333931
1807,18.07,-2.9890842158227326,-2.9890842158227326
1808,18.080000000000002,-2.673286849686592,-2.673286849686592
1809,18.09,-2.424436797889961,-2.424436797889961
1810,18.1,-2.2361098363352703,-2.2361098363352703
1811,18.11,-2.101679717499902,-2.101679717499902
1812,18.12,-2.014647990244742,-2.014647990244742
1813,18.13,-1.9688812084045177,-1.9688812084045177
1814,18.14,-1.9587681997759026,-1.9587681997759026
1815,18.150000000000002,-1.97931215732495,-1.97931215732495
1816,18.16,-2.0261722208573127,-2.0261722208573127
1817,18.17,-2.0956678292302535,-2.0956678292302535
1818,18.18,-2.1847571145245004,-2.1847571145245004
1819,18.19,-2.2909984370248444,-2.2909984370248444
1820,18.2,-2.412502097899879,-2.412502097899879
1821,18.21,-2.5478774550684116,-2.5478774550684116
1822,18.22,-2.696179157164449,-2.696179157164449
1823,18.23,-2.856854997285389,-2.856854997285389
1824,18.240000000000002,-3.029696940749101,-3.029696940749101
1825,18.25,-3.2147961563435987,-3.2147961563435987
1826,18.26,-3.412502333769519,-3.412502333769519
1827,18.27,-3.623387159732819,-3.623387159732819
1828,18.28,-3.8482115154602905,-3.8482115154602905
1829,18.29,-4.087895719157831,-4.087895719157831
1830,18.3,-4.343491943449386,-4.343491943449386
1831,18.31,-4.616157770252892,-4.616157770252892
1832,18.32,-4.90712968815538,-4.90712968815538
1833,18.330000000000002,-5.217695178180897,-5.217695178180897
1834,18.34,-5.549161864637799,-5.549161864637799
1835,18.35,-5.902822024324598,-5.902822024324598
1836,18.36,-6.279910550677928,-6.279910550677928
1837,18.37,-6.68155426711776,-6.68155426711776
1838,18.38,-7.108710292789391,-7.108710292789391
1839,18.39,-7.562091013753827,-7.562091013753827
1840,18.400000000000002,-8.042073150313689,-8.042073150313689
1841,18.41,-8.548588506137104,-8.548588506137104
1842,18.42,-9.080994335308073,-9.080994335308073
1843,18.43,-9.637922001462506,-9.637922001462506
1844,18.44,-10.217103897463593,-10.217103897463593
1845,18.45,-10.815180646553385,-10.815180646553385
1846,18.46,-11.42749363688164,-11.42749363688164
1847,18.47,-12.047872155657366,-12.047872155657366
1848,18.48,-12.668429914712794,-12.668429914712794
1849,18.490000000000002,-13.27939254850537,-13.27939254850537
1850,18.5,-13.868985357045753,-13.868985357045753
1851,18.51,-14.423418314368018,-14.423418314368018
1852,18.52,-14.927011669498887,-14.927011669498887
1853,18.53,-15.362508081815383,-15.362508081815383
1854,18.54,-15.711613239516451,-15.711613239516451
1855,18.55,-15.955793133369488,-15.955793133369488
1856,18.56,-16.077330020725853,-16.077330020725853
1857,18.57,-16.060599954077084,-16.060599954077084
1858,18.580000000000002,-15.893485362540797,-15.893485362540797
1859,18.59,-15.568784036256396,-15.568784036256396
1860,18.6,-15.08543314249284,-15.08543314249284
1861,18.61,-14.449348456870194,-14.449348456870194
1862,18.62,-13.673698072156524,-13.673698072156524
1863,18.63,-12.77849241545893,-12.77849241545893
1864,18.64,-11.789472324189648,-11.789472324189648
1865,18.650000000000002,-10.736394794251913,-10.736394794251913
1866,18.66,-9.650923428227332,-9.650923428227332
1867,18.67,-8.564399206679354,-8.564399206679354
1868,18.68,-7.505778835861983,-7.505778835861983
1869,18.69,-6.499981352000861,-6.499981352000861
1870,18.7,-5.56679450176923,-5.56679450176923
1871,18.71,-4.720386561290817,-4.720386561290817
1872,18.72,-3.9693731928887663,-3.9693731928887663
1873,18.73,-3.317321476615748,-3.317321476615748
1874,18.740000000000002,-2.7635416639119503,-2.7635416639119503
1875,18.75,-2.3040181932374297,-2.3040181932374297
1876,18.76,-1.9323552798377288,-1.9323552798377288
1877,18.77,-1.640647328682296,-1.640647328682296
1878,18.78,-1.4202206299825484,-1.4202206299825484
1879,18.79,-1.2622238071915939,-1.2622238071915939
1880,18.8,-1.1580673391928,-1.1580673391928
1881,18.81,-1.0997268961935691,-1.0997268961935691
1882,18.82,-1.0799325150994104,-1.0799325150994104
1883,18.830000000000002,-1.0922677163088277,-1.0922677163088277
1884,18.84,-1.1312014288025078,-1.1312014288025078
1885,18.85,-1.192072592515698,-1.192072592515698
1886,18.86,-1.271043646608325,-1.271043646608325
1887,18.87,-1.3650354774291074,-1.3650354774291074
1888,18.88,-1.4716531589920645,-1.4716531589920645
1889,18.89,-1.5891091212386854,-1.5891091212386854
1890,18.900000000000002,-1.7161482439495876,-1.7161482439495876
1891,18.91,-1.851977743632057,-1.851977743632057
1892,18.92,-1.996203514983594,-1.996203514983594
1893,18.93,-2.1487737208424393,-2.1487737208424393
1894,18.94,-2.309929815630231,-2.309929815630231
1895,18.95,-2.480164770260936,-2.480164770260936
1896,18.96,-2.6601879874380847,-2.6601879874380847
1897,18.97,-2.850896212951462,-2.850896212951462
1898,18.98,-3.0533496283339963,-3.0533496283339963
1899,18.990000000000002,-3.268752227758193,-3.268752227758193
1900,19.0,-3.4984355175186614,-3.4984355175186614
1901,19.01,-3.7438445139517635,-3.7438445139517635
1902,19.02,-4.006524941987983,-4.006524941987983
1903,19.03,-4.288110440382972,-4.288110440382972
1904,19.04,-4.590308451032848,-4.590308451032848
1905,19.05,-4.914883299803442,-4.914883299803442
1906,19.06,-5.2636347575077815,-5.2636347575077815
1907,19.07,-5.63837009664677,-5.63837009664677
1908,19.080000000000002,-6.040867330373517,-6.040867330373517
1909,19.09,-6.4728269388082,-6.4728269388082
1910,19.1,-6.935808967831995,-6.935808967831995
1911,19.11,-7.431151955337528,-7.431151955337528
1912,19.12,-7.959869750774815,-7.959869750774815
1913,19.13,-8.522522029783186,-8.522522029783186
1914,19.14,-9.119054296665405,-9.119054296665405
1915,19.150000000000002,-9.74860360416004,-9.74860360416004
1916,19.16,-10.40926736877261,-10.40926736877261
1917,19.17,-11.097834873005747,-11.097834873005747
1918,19.18,-11.80948475806311,-11.80948475806311
1919,19.19,-12.537457509245666,-12.537457509245666
1920,19.2,-13.27272008291981,-13.27272008291981
1921,19.21,-14.00365070307769,-14.00365070307769
1922,19.22,-14.71578532417613,-14.71578532417613
1923,19.23,-15.391682385174951,-15.391682385174951
1924,19.240000000000002,-16.010977112131865,-16.010977112131865
1925,19.25,-16.55070697491347,-16.55070697491347
1926,19.26,-16.985990396880553,-16.985990396880553
1927,19.27,-17.291124567263086,-17.291124567263086
1928,19.28,-17.441128502183897,-17.441128502183897
1929,19.29,-17.413690578638516,-17.413690578638516
1930,19.3,-17.191388593986716,-17.191388593986716
1931,19.31,-16.76394827387133,-16.76394827387133
1932,19.32,-16.130217871672762,-16.130217871672762
1933,19.330000000000002,-15.299494627438886,-15.299494627438886
1934,19.34,-14.291873694093361,-14.291873694093361
1935,19.35,-13.137415573643757,-13.137415573643757
1936,19.36,-11.874129291059814,-11.874129291059814
1937,19.37,-10.544999477881083,-10.544999477881083
1938,19.38,-9.194481436300153,-9.194481436300153
1939,19.39,-7.864989544567338,-7.864989544567338
1940,19.400000000000002,-6.593881391613808,-6.593881391613808
1941,19.41,-5.411305201634959,-5.411305201634959
1942,19.42,-4.339079010331552,-4.339079010331552
1943,19.43,-3.390567949989033,-3.390567949989033
1944,19.44,-2.5713718062740485,-2.5713718062740485
1945,19.45,-1.8805542138498748,-1.8805542138498748
1946,19.46,-1.3121359067940013,-1.3121359067940013
1947,19.47,-0.8566174124658945,-0.8566174124658945
1948,19.48,-0.5023652961085114,-0.5023652961085114
1949,19.490000000000002,-0.23676777541265065,-0.23676777541265065
1950,19.5,-0.04712563691047145,-0.04712563691047145
1951,19.51,0.0787132391807687,0.0787132391807687
1952,19.52,0.15194270848887298,0.15194270848887298
1953,19.53,0.18256695103062634,0.18256695103062634
1954,19.54,0.1793043253671049,0.1793043253671049
1955,19.55,0.14958663737296732,0.14958663737296732
1956,19.56,0.0996210477675431,0.0996210477675431
1957,19.57,0.03448933544830189,0.03448933544830189
1958,19.580000000000002,-0.04173396623195133,-0.04173396623195133
1959,19.59,-0.12585741045029356,-0.12585741045029356
1960,19.6,-0.2154509256923986,-0.2154509256923986
1961,19.61,-0.3087317784237296,-0.3087317784237296
1962,19.62,-0.4044611273582508,-0.4044611273582508
1963,19.63,-0.5018525040852436,-0.5018525040852436
1964,19.64,-0.6004925096333391,-0.6004925096333391
1965,19.650000000000002,-0.7002733566985369,-0.7002733566985369
1966,19.66,-0.8013364960721598,-0.8013364960721598
1967,19.67,-0.9040263575458466,-0.9040263575458466
1968,19.68,-1.008853149014499,-1.008853149014499
1969,19.69,-1.1164636497459348,-1.1164636497459348
1970,19.7,-1.2276189751288213,-1.2276189751288213
1971,19.71,-1.3431783601739615,-1.3431783601739615
1972,19.72,-1.4640880934968925,-1.4640880934968925
1973,19.73,-1.5913748226159221,-1.5913748226159221
1974,19.740000000000002,-1.7261425381900475,-1.7261425381900475
1975,19.75,-1.8695726241949724,-1.8695726241949724
1976,19.76,-2.0229264290458446,-2.0229264290458446
1977,19.77,-2.1875498659930095,-2.1875498659930095
1978,19.78,-2.3648795865989074,-2.3648795865989074
1979,19.79,-2.5564502854171534,-2.5564502854171534
1980,19.8,-2.763902683261174,-2.763902683261174
1981,19.81,-2.9889916958926093,-2.9889916958926093
1982,19.82,-3.2335942185357633,-3.2335942185357633
1983,19.830000000000002,-3.4997158366433103,-3.4997158366433103
1984,19.84,-3.789495600080609,-3.789495600080609
1985,19.85,-4.105207759265381,-4.105207759265381
1986,19.86,-4.449259043083407,-4.449259043083407
1987,19.87,-4.824179642268862,-4.824179642268862
1988,19.88,-5.232605528904235,-5.232605528904235
1989,19.89,-5.677249072411099,-5.677249072411099
1990,19.900000000000002,-6.160854086356702,-6.160854086356702
1991,19.91,-6.686130446889314,-6.686130446889314
1992,19.92,-7.255662266261766,-7.255662266261766
1993,19.93,-7.8717823164706076,-7.8717823164706076
1994,19.94,-8.53640406179894,-8.53640406179894
1995,19.95,-9.25080144032003,-9.25080144032003
1996,19.96,-10.015325724658284,-10.015325724658284
1997,19.97,-10.829048866616922,-10.829048866616922
1998,19.98,-11.689324414865517,-11.689324414865517
1999,19.990000000000002,-12.591261431941893,-12.591261431941893
2000,20.0,-13.527115217876045,-13.527115217876045
