,t,x,y
0,0.0,-1.2246467991473533e-17,-0.04000000000000001
1,0.01,0.009995833854135662,-0.04000000000000001
2,0.02,0.019966683329365638,-0.04000000000000001
3,0.03,0.029887626494719818,-0.04000000000000001
4,0.04,0.03973386615901223,-0.04000000000000001
5,0.05,0.04948079185090458,-0.04000000000000001
6,0.06,0.05910404133226791,-0.04000000000000001
7,0.07,0.06857956149109028,-0.04000000000000001
8,0.08,0.07788366846173007,-0.04000000000000001
9,0.09,0.08699310682224606,-0.04000000000000001
10,0.1,0.09588510772084059,-0.04000000000000001
11,0.11,0.1045374457861318,-0.04000000000000001
12,0.12,0.11292849467900708,-0.04000000000000001
13,0.13,0.1210372811472079,-0.04000000000000001
14,0.14,0.12884353744753824,-0.04000000000000001
15,0.15,0.13632775200466682,-0.04000000000000001
16,0.16,0.14347121817990452,-0.04000000000000001
17,0.17,0.15025608102805854,-0.04000000000000001
18,0.18,0.15666538192549667,-0.04000000000000001
19,0.19,0.16268310095787478,-0.04000000000000001
20,0.2,0.16829419696157932,-0.04000000000000001
21,0.21,0.17348464511880335,-0.04000000000000001
22,0.22,0.17824147201228707,-0.04000000000000001
23,0.23,0.18255278805210426,-0.04000000000000001
24,0.24,0.1864078171934453,-0.04000000000000001
25,0.25,0.18979692387111724,-0.04000000000000001
26,0.26,0.19271163708343858,-0.04000000000000001
27,0.27,0.19514467156533183,-0.04000000000000001
28,0.28,0.19708994599769206,-0.04000000000000001
29,0.29,0.1985425982075177,-0.04000000000000001
30,0.3,0.1994989973208109,-0.04000000000000001
31,0.31,0.1999567528378714,-0.04000000000000001
32,0.32,0.19991472060830104,-0.04000000000000001
33,0.33,0.19937300569078376,-0.04000000000000001
34,0.34,0.19833296209049373,-0.04000000000000001
35,0.35000000000000003,0.1967971893747874,-0.04000000000000001
36,0.36,0.19476952617563906,-0.04000000000000001
37,0.37,0.19225504059506,-0.04000000000000001
38,0.38,0.18926001753748292,-0.04000000000000001
39,0.39,0.18579194300077384,-0.04000000000000001
40,0.4,0.18185948536513635,-0.04000000000000001
41,0.41000000000000003,0.17747247372667507,-0.04000000000000001
42,0.42,0.17264187332977476,-0.04000000000000001
43,0.43,0.16737975815969958,-0.04000000000000001
44,0.44,0.16169928076391804,-0.04000000000000001
45,0.45,0.15561463937758427,-0.04000000000000001
46,0.46,0.149141042435344,-0.04000000000000001
47,0.47000000000000003,0.14229467055816888,-0.04000000000000001
48,0.48,0.13509263611023023,-0.04000000000000001
49,0.49,0.12755294042690074,-0.04000000000000001
50,0.5,0.11969442882079132,-0.04000000000000001
51,0.51,0.11153674347828342,-0.04000000000000001
52,0.52,0.10310027436429292,-0.04000000000000001
53,0.53,0.09440610825797646,-0.04000000000000001
54,0.54,0.08547597604676598,-0.04000000000000001
55,0.55,0.07633219841046636,-0.04000000000000001
56,0.56,0.06699763003118087,-0.04000000000000001
57,0.5700000000000001,0.057495602468508815,-0.04000000000000001
58,0.58,0.04784986584279641,-0.04000000000000001
59,0.59,0.0380845294722056,-0.04000000000000001
60,0.6,0.028224001611973457,-0.04000000000000001
61,0.61,0.018292928446487455,-0.04000000000000001
62,0.62,0.0083161324866582,-0.04000000000000001
63,0.63,-0.0016814494734298001,-0.04000000000000001
64,0.64,-0.011674828685516005,-0.04000000000000001
65,0.65,-0.021639026906021666,-0.04000000000000001
66,0.66,-0.031549138828649806,-0.04000000000000001
67,0.67,-0.041380394334679854,-0.04000000000000001
68,0.68,-0.05110822040536633,-0.04000000000000001
69,0.6900000000000001,-0.060708302541685855,-0.04000000000000001
70,0.7000000000000001,-0.07015664553792396,-0.04000000000000001
71,0.71,-0.07942963345719195,-0.04000000000000001
72,0.72,-0.08850408865897041,-0.04000000000000001
73,0.73,-0.09735732973113996,-0.04000000000000001
74,0.74,-0.10596722818169867,-0.04000000000000001
75,0.75,-0.11431226374846876,-0.04000000000000001
76,0.76,-0.12237157818854379,-0.04000000000000001
77,0.77,-0.13012502741303342,-0.04000000000000001
78,0.78,-0.1375532318367948,-0.04000000000000001
79,0.79,-0.14463762481730244,-0.04000000000000001
80,0.8,-0.15136049906158566,-0.04000000000000001
81,0.81,-0.15770505088523912,-0.04000000000000001
82,0.8200000000000001,-0.16365542221288218,-0.04000000000000001
83,0.8300000000000001,-0.16919674021508932,-0.04000000000000001
84,0.84,-0.17431515448271762,-0.04000000000000001
85,0.85,-0.1789978716457167,-0.04000000000000001
86,0.86,-0.183233187349891,-0.04000000000000001
87,0.87,-0.18701051551168982,-0.04000000000000001
88,0.88,-0.1903204147779032,-0.04000000000000001
89,0.89,-0.19315461212412777,-0.04000000000000001
90,0.9,-0.1955060235330194,-0.04000000000000001
91,0.91,-0.19736877170064732,-0.04000000000000001
92,0.92,-0.1987382007266929,-0.04000000000000001
93,0.93,-0.1996108877517759,-0.04000000000000001
94,0.9400000000000001,-0.1999846515128202,-0.04000000000000001
95,0.9500000000000001,-0.1998585577950756,-0.04000000000000001
96,0.96,-0.19923292176716814,-0.04000000000000001
97,0.97,-0.19810930719334266,-0.04000000000000001
98,0.98,-0.1964905225248665,-0.04000000000000001
99,0.99,-0.19438061388036418,-0.04000000000000001
100,1.0,-0.1917848549326277,-0.04000000000000001
101,1.01,-0.18870973372718133,-0.04000000000000001
102,1.02,-0.1851629364655465,-0.04000000000000001
103,1.03,-0.18115332829374092,-0.04000000000000001
104,1.04,-0.17669093114403067,-0.04000000000000001
105,1.05,-0.17178689868531843,-0.04000000000000001
106,1.06,-0.16645348844478017,-0.04000000000000001
107,1.07,-0.16070403117043108,-0.04000000000000001
108,1.08,-0.15455289751119744,-0.04000000000000001
109,1.09,-0.14801546209777888,-0.04000000000000001
110,1.1,-0.1411080651140784,-0.04000000000000001
111,1.11,-0.1338479714552523,-0.04000000000000001
112,1.12,-0.1262533275744642,-0.04000000000000001
113,1.1300000000000001,-0.11834311612620188,-0.04000000000000001
114,1.1400000000000001,-0.11013710851952739,-0.04000000000000001
115,1.1500000000000001,-0.10165581549985153,-0.04000000000000001
116,1.16,-0.09292043588275149,-0.04000000000000001
117,1.17,-0.08395280356797195,-0.04000000000000001
118,1.18,-0.07477533296604738,-0.04000000000000001
119,1.19,-0.06541096297394831,-0.04000000000000001
120,1.2,-0.05588309963978519,-0.04000000000000001
121,1.21,-0.04621555765987846,-0.04000000000000001
122,1.22,-0.036432500854419195,-0.04000000000000001
123,1.23,-0.02655838177050336,-0.04000000000000001
124,1.24,-0.016617880563499294,-0.04000000000000001
125,1.25,-0.006635843309511376,-0.04000000000000001
126,1.26,0.00336278009686993,-0.04000000000000001
127,1.27,0.013352998304311081,-0.04000000000000001
128,1.28,0.02330984097009872,-0.04000000000000001
129,1.29,0.03320842117299161,-0.04000000000000001
130,1.3,0.04302399761756309,-0.04000000000000001
131,1.31,0.052732036474555835,-0.04000000000000001
132,1.32,0.06230827270267556,-0.04000000000000001
133,1.33,0.07172877069856007,-0.04000000000000001
134,1.34,0.08096998412331982,-0.04000000000000001
135,1.35,0.09000881475612352,-0.04000000000000001
136,1.36,0.09882267022772179,-0.04000000000000001
137,1.37,0.10738952048960221,-0.04000000000000001
138,1.3800000000000001,0.11568795287764003,-0.04000000000000001
139,1.3900000000000001,0.12369722563260493,-0.04000000000000001
140,1.4000000000000001,0.1313973197437581,-0.04000000000000001
141,1.41,0.1387689889859526,-0.04000000000000001
142,1.42,0.14579380802517516,-0.04000000000000001
143,1.43,0.15245421847228224,-0.04000000000000001
144,1.44,0.15873357276983052,-0.04000000000000001
145,1.45,0.1646161758023011,-0.04000000000000001
146,1.46,0.1700873241257128,-0.04000000000000001
147,1.47,0.17513334271857645,-0.04000000000000001
148,1.48,0.1797416191623254,-0.04000000000000001
149,1.49,0.18390063516579422,-0.04000000000000001
150,1.5,0.18759999535494776,-0.04000000000000001
151,1.51,0.19083045325590292,-0.04000000000000001
152,1.52,0.1935839344062973,-0.04000000000000001
153,1.53,0.19585355653724001,-0.04000000000000001
154,1.54,0.1976336467754001,-0.04000000000000001
155,1.55,0.19891975582223523,-0.04000000000000001
156,1.56,0.19970866907492102,-0.04000000000000001
157,1.57,0.19999841466118376,-0.04000000000000001
158,1.58,0.1997882683679544,-0.04000000000000001
159,1.59,0.19907875545152398,-0.04000000000000001
160,1.6,0.19787164932467638,-0.04000000000000001
161,1.61,0.1961699671240799,-0.04000000000000001
162,1.62,0.1939779621690172,-0.04000000000000001
163,1.6300000000000001,0.19130111333030184,-0.04000000000000001
164,1.6400000000000001,0.18814611133595452,-0.04000000000000001
165,1.6500000000000001,0.18452084204786806,-0.04000000000000001
166,1.6600000000000001,0.18043436675125868,-0.04000000000000001
167,1.67,0.175896899506173,-0.04000000000000001
168,1.68,0.1709197816176561,-0.04000000000000001
169,1.69,0.1655154532883968,-0.04000000000000001
170,1.7,0.1596974225246981,-0.04000000000000001
171,1.71,0.15348023137349748,-0.04000000000000001
172,1.72,0.1468794195748227,-0.04000000000000001
173,1.73,0.13991148572053363,-0.04000000000000001
174,1.74,0.13259384601643667,-0.04000000000000001
175,1.75,0.12494479075083849,-0.04000000000000001
176,1.76,0.11698343857835235,-0.04000000000000001
177,1.77,0.1087296887332177,-0.04000000000000001
178,1.78,0.10020417129157695,-0.04000000000000001
179,1.79,0.09142819560703118,-0.04000000000000001
180,1.8,0.08242369704835134,-0.04000000000000001
181,1.81,0.07321318217248222,-0.04000000000000001
182,1.82,0.06381967246987044,-0.04000000000000001
183,1.83,0.05426664682272656,-0.04000000000000001
184,1.84,0.0445779828200492,-0.04000000000000001
185,1.85,0.03477789707608672,-0.04000000000000001
186,1.86,0.024890884701412354,-0.04000000000000001
187,1.87,0.014941658077906615,-0.04000000000000001
188,1.8800000000000001,0.0049550850906715654,-0.04000000000000001
189,1.8900000000000001,-0.005043873028732087,-0.04000000000000001
190,1.9000000000000001,-0.015030224092361849,-0.04000000000000001
191,1.9100000000000001,-0.024979007423350453,-0.04000000000000001
192,1.92,-0.03486535624459591,-0.04000000000000001
193,1.93,-0.044664559832756766,-0.04000000000000001
194,1.94,-0.05435212528218848,-0.04000000000000001
195,1.95,-0.06390383872445472,-0.04000000000000001
196,1.96,-0.07329582585038567,-0.04000000000000001
197,1.97,-0.08250461158341854,-0.04000000000000001
198,1.98,-0.09150717875506426,-0.04000000000000001
199,1.99,-0.10028102563583947,-0.04000000000000001
200,2.0,-0.10880422217787396,-0.04000000000000001
201,2.0100000000000002,-0.11705546482860728,-0.04000000000000001
202,2.02,-0.1250141297785764,-0.04000000000000001
203,2.0300000000000002,-0.13266032451019988,-0.04000000000000001
204,2.04,-0.13997493751870846,-0.04000000000000001
205,2.05,-0.1469396860809591,-0.04000000000000001
206,2.06,-0.1535371619527165,-0.04000000000000001
207,2.07,-0.1597508748802001,-0.04000000000000001
208,2.08,-0.16556529381713073,-0.04000000000000001
209,2.09,-0.17096588574425656,-0.04000000000000001
210,2.1,-0.17593915199433402,-0.04000000000000001
211,2.11,-0.1804726619917646,-0.04000000000000001
212,2.12,-0.18455508432256146,-0.04000000000000001
213,2.13,-0.18817621505698146,-0.04000000000000001
214,2.14,-0.19132700325403768,-0.04000000000000001
215,2.15,-0.19399957358413572,-0.04000000000000001
216,2.16,-0.19618724601329832,-0.04000000000000001
217,2.17,-0.19788455249977022,-0.04000000000000001
218,2.18,-0.1990872506612755,-0.04000000000000001
219,2.19,-0.19979233437876337,-0.04000000000000001
220,2.2,-0.1999980413101407,-0.04000000000000001
221,2.21,-0.19970385729520912,-0.04000000000000001
222,2.22,-0.1989105176407978,-0.04000000000000001
223,2.23,-0.19762000528287962,-0.04000000000000001
224,2.24,-0.1958355458302634,-0.04000000000000001
225,2.25,-0.1935615995022523,-0.04000000000000001
226,2.2600000000000002,-0.1908038499804178,-0.04000000000000001
227,2.27,-0.18756919020235652,-0.04000000000000001
228,2.2800000000000002,-0.18386570513293501,-0.04000000000000001
229,2.29,-0.17970265155608975,-0.04000000000000001
230,2.3000000000000003,-0.17509043493768556,-0.04000000000000001
231,2.31,-0.17004058341727327,-0.04000000000000001
232,2.32,-0.16456571899374178,-0.04000000000000001
233,2.33,-0.1586795259768954,-0.04000000000000001
234,2.34,-0.15239671678380667,-0.04000000000000001
235,2.35,-0.145732995165434,-0.04000000000000001
236,2.36,-0.13870501695542475,-0.04000000000000001
237,2.37,-0.1313303484392028,-0.04000000000000001
238,2.38,-0.12362742244740695,-0.04000000000000001
239,2.39,-0.11561549228340876,-0.04000000000000001
240,2.4,-0.10731458360008701,-0.04000000000000001
241,2.41,-0.09874544434611951,-0.04000000000000001
242,2.42,-0.08992949290692032,-0.04000000000000001
243,2.43,-0.08088876456982803,-0.04000000000000001
244,2.44,-0.07164585644736575,-0.04000000000000001
245,2.45,-0.06222387099622548,-0.04000000000000001
246,2.46,-0.052646358273160214,-0.04000000000000001
247,2.47,-0.042937257072105404,-0.04000000000000001
248,2.48,-0.0331208350896619,-0.04000000000000001
249,2.49,-0.02322162826849135,-0.04000000000000001
250,2.5,-0.013264379470240152,-0.04000000000000001
251,2.5100000000000002,-0.0032739766312682855,-0.04000000000000001
252,2.52,0.006724609444227327,-0.04000000000000001
253,2.5300000000000002,0.016706387498221977,-0.04000000000000001
254,2.54,0.026646408283988433,-0.04000000000000001
255,2.5500000000000003,0.03651982692622714,-0.04000000000000001
256,2.56,0.046301965020307784,-0.04000000000000001
257,2.57,0.05596837231543489,-0.04000000000000001
258,2.58,0.0654948878275386,-0.04000000000000001
259,2.59,0.07485770022915134,-0.04000000000000001
260,2.6,0.08403340736532817,-0.04000000000000001
261,2.61,0.09299907474684393,-0.04000000000000001
262,2.62,0.10173229287447504,-0.04000000000000001
263,2.63,0.11021123325107299,-0.04000000000000001
264,2.64,0.11841470294144488,-0.04000000000000001
265,2.65,0.12632219754364774,-0.04000000000000001
266,2.66,0.13391395243932044,-0.04000000000000001
267,2.67,0.14117099219493287,-0.04000000000000001
268,2.68,0.14807517799048972,-0.04000000000000001
269,2.69,0.15460925295713204,-0.04000000000000001
270,2.7,0.16075688531032417,-0.04000000000000001
271,2.71,0.16650270917080795,-0.04000000000000001
272,2.72,0.17183236297129934,-0.04000000000000001
273,2.73,0.17673252535292705,-0.04000000000000001
274,2.74,0.1811909484616925,-0.04000000000000001
275,2.75,0.18519648856172544,-0.04000000000000001
276,2.7600000000000002,0.18873913388882096,-0.04000000000000001
277,2.77,0.19181002967463512,-0.04000000000000001
278,2.7800000000000002,0.19440150027899528,-0.04000000000000001
279,2.79,0.19650706837500193,-0.04000000000000001
280,2.8000000000000003,0.19812147113897413,-0.04000000000000001
281,2.81,0.19924067340476637,-0.04000000000000001
282,2.82,0.19986187774958353,-0.04000000000000001
283,2.83,0.1999835314860806,-0.04000000000000001
284,2.84,0.19960533054327234,-0.04000000000000001
285,2.85,0.19872822022655254,-0.04000000000000001
286,2.86,0.19735439285492273,-0.04000000000000001
287,2.87,0.19548728228133647,-0.04000000000000001
288,2.88,0.1931315553098556,-0.04000000000000001
289,2.89,0.19029310003106947,-0.04000000000000001
290,2.9,0.1869790111049365,-0.04000000000000001
291,2.91,0.18319757202782802,-0.04000000000000001
292,2.92,0.17895823442810085,-0.04000000000000001
293,2.93,0.17427159444195026,-0.04000000000000001
294,2.94,0.16914936622858706,-0.04000000000000001
295,2.95,0.16360435269093865,-0.04000000000000001
296,2.96,0.15765041347506348,-0.04000000000000001
297,2.97,0.15130243032824797,-0.04000000000000001
298,2.98,0.14457626990239522,-0.04000000000000001
299,2.99,0.13748874409565187,-0.04000000000000001
300,3.0,0.13005756803142313,-0.04000000000000001
301,3.0100000000000002,0.12230131577978845,-0.04000000000000001
302,3.02,0.11423937393199773,-0.04000000000000001
303,3.0300000000000002,0.10589189314409286,-0.04000000000000001
304,3.04,0.09727973777076027,-0.04000000000000001
305,3.0500000000000003,0.08842443371530757,-0.04000000000000001
306,3.06,0.07934811462612275,-0.04000000000000001
307,3.0700000000000003,0.07007346657407057,-0.04000000000000001
308,3.08,0.060623671349140464,-0.04000000000000001
309,3.09,0.051022348518035235,-0.04000000000000001
310,3.1,0.041293496387558984,-0.04000000000000001
311,3.11,0.03146143202135242,-0.04000000000000001
312,3.12,0.021550730459888118,-0.04000000000000001
313,3.13,0.011586163295678974,-0.04000000000000001
314,3.14,0.0015926367571871256,-0.04000000000000001
315,3.15,-0.008404870543768502,-0.04000000000000001
316,3.16,-0.018381370045535965,-0.04000000000000001
317,3.17,-0.028311925695022756,-0.04000000000000001
318,3.18,-0.03817171627483787,-0.04000000000000001
319,3.19,-0.04793609744341073,-0.04000000000000001
320,3.2,-0.057580663333013385,-0.04000000000000001
321,3.21,-0.06708130755171192,-0.04000000000000001
322,3.22,-0.07641428343680215,-0.04000000000000001
323,3.23,-0.08555626340908856,-0.04000000000000001
324,3.24,-0.09448439727969415,-0.04000000000000001
325,3.25,-0.10317636936362216,-0.04000000000000001
326,3.2600000000000002,-0.11161045425735557,-0.04000000000000001
327,3.27,-0.11976557114104769,-0.04000000000000001
328,3.2800000000000002,-0.12762133646958976,-0.04000000000000001
329,3.29,-0.1351581149208651,-0.04000000000000001
330,3.3000000000000003,-0.14235706847382487,-0.04000000000000001
331,3.31,-0.14920020349372712,-0.04000000000000001
332,3.3200000000000003,-0.1556704157068599,-0.04000000000000001
333,3.33,-0.16175153295230993,-0.04000000000000001
334,3.34,-0.16742835560394917,-0.04000000000000001
335,3.35,-0.1726866945615813,-0.04000000000000001
336,3.36,-0.17751340671630075,-0.04000000000000001
337,3.37,-0.1818964278014252,-0.04000000000000001
338,3.38,-0.18582480254687384,-0.04000000000000001
339,3.39,-0.1892887120616417,-0.04000000000000001
340,3.4,-0.1922794983759115,-0.04000000000000001
341,3.41,-0.19478968608146807,-0.04000000000000001
342,3.42,-0.19681300101632873,-0.04000000000000001
343,3.43,-0.19834438594687787,-0.04000000000000001
344,3.44,-0.19938001320831922,-0.04000000000000001
345,3.45,-0.19991729427184346,-0.04000000000000001
346,3.46,-0.19995488621460222,-0.04000000000000001
347,3.47,-0.19949269507631617,-0.04000000000000001
348,3.48,-0.1985318760941266,-0.04000000000000001
349,3.49,-0.19707483081510388,-0.04000000000000001
350,3.5,-0.19512520109363143,-0.04000000000000001
351,3.5100000000000002,-0.1926878599886653,-0.04000000000000001
352,3.52,-0.1897688995836247,-0.04000000000000001
353,3.5300000000000002,-0.18637561575935788,-0.04000000000000001
354,3.54,-0.18251648995823705,-0.04000000000000001
355,3.5500000000000003,-0.17820116798497054,-0.04000000000000001
356,3.56,-0.17344043589711647,-0.04000000000000001
357,3.5700000000000003,-0.16824619304555177,-0.04000000000000001
358,3.58,-0.16263142233229752,-0.04000000000000001
359,3.59,-0.15661015776001996,-0.04000000000000001
360,3.6,-0.150197449354335,-0.04000000000000001
361,3.61,-0.14340932554658462,-0.04000000000000001
362,3.62,-0.13626275311109975,-0.04000000000000001
363,3.63,-0.12877559475710815,-0.04000000000000001
364,3.64,-0.12096656448125712,-0.04000000000000001
365,3.65,-0.11285518079237077,-0.04000000000000001
366,3.66,-0.10446171792534663,-0.04000000000000001
367,3.67,-0.09580715516611893,-0.04000000000000001
368,3.68,-0.08691312441437904,-0.04000000000000001
369,3.69,-0.07780185611508343,-0.04000000000000001
370,3.7,-0.06849612369392219,-0.04000000000000001
371,3.71,-0.059019186635619114,-0.04000000000000001
372,3.72,-0.04939473234732385,-0.04000000000000001
373,3.73,-0.03964681695244097,-0.04000000000000001
374,3.74,-0.029799805162838724,-0.04000000000000001
375,3.75,-0.019878309379769296,-0.04000000000000001
376,3.7600000000000002,-0.009907128175673852,-0.04000000000000001
377,3.77,8.881568932958129e-05,-0.04000000000000001
378,3.7800000000000002,0.010084537561362588,-0.04000000000000001
379,3.79,0.020055053341417828,-0.04000000000000001
380,3.8000000000000003,0.02997544193259081,-0.04000000000000001
381,3.81,0.039820907529839286,-0.04000000000000001
382,3.8200000000000003,0.049566841596592304,-0.04000000000000001
383,3.83,0.05918888437326454,-0.04000000000000001
384,3.84,0.06866298576397874,-0.04000000000000001
385,3.85,0.07796546544927603,-0.04000000000000001
386,3.86,0.08707307207457832,-0.04000000000000001
387,3.87,0.09596304136647475,-0.04000000000000001
388,3.88,0.10461315303153958,-0.04000000000000001
389,3.89,0.1130017862955025,-0.04000000000000001
390,3.9,0.12110797394392048,-0.04000000000000001
391,3.91,0.12891145472929108,-0.04000000000000001
392,3.92,0.13639272401362737,-0.04000000000000001
393,3.93,0.14353308251988606,-0.04000000000000001
394,3.94,0.15031468307042942,-0.04000000000000001
395,3.95,0.15672057519567129,-0.04000000000000001
396,3.96,0.16273474750142086,-0.04000000000000001
397,3.97,0.16834216768903587,-0.04000000000000001
398,3.98,0.17352882012833365,-0.04000000000000001
399,3.99,0.17828174088937382,-0.04000000000000001
400,4.0,0.18258905014552568,-0.04000000000000001
401,4.01,0.1864399818668529,-0.04000000000000001
402,4.0200000000000005,0.18982491072957905,-0.04000000000000001
403,4.03,0.19273537617438322,-0.04000000000000001
404,4.04,0.19516410355339506,-0.04000000000000001
405,4.05,0.197105022313024,-0.04000000000000001
406,4.0600000000000005,0.19855328116718157,-0.04000000000000001
407,4.07,0.19950526022297088,-0.04000000000000001
408,4.08,0.19995858002853384,-0.04000000000000001
409,4.09,0.19991210752044095,-0.04000000000000001
410,4.1,0.19936595885575983,-0.04000000000000001
411,4.11,0.1983214991217237,-0.04000000000000001
412,4.12,0.19678133892372318,-0.04000000000000001
413,4.13,0.1947493278601538,-0.04000000000000001
414,4.14,0.1922305449004234,-0.04000000000000001
415,4.15,0.18923128569017406,-0.04000000000000001
416,4.16,0.18575904681544822,-0.04000000000000001
417,4.17,0.18182250706512468,-0.04000000000000001
418,4.18,0.17743150573847008,-0.04000000000000001
419,4.19,0.17259701805201053,-0.04000000000000001
420,4.2,0.16733112770721104,-0.04000000000000001
421,4.21,0.16164699668751026,-0.04000000000000001
422,4.22,0.15555883236021925,-0.04000000000000001
423,4.23,0.14908185196550058,-0.04000000000000001
424,4.24,0.14223224458119574,-0.04000000000000001
425,4.25,0.13502713065855995,-0.04000000000000001
426,4.26,0.12748451923004808,-0.04000000000000001
427,4.2700000000000005,0.1196232628961141,-0.04000000000000001
428,4.28,0.111463010703532,-0.04000000000000001
429,4.29,0.10302415903300494,-0.04000000000000001
430,4.3,0.09432780061883894,-0.04000000000000001
431,4.3100000000000005,0.08539567182809472,-0.04000000000000001
432,4.32,0.07625009833098773,-0.04000000000000001
433,4.33,0.06691393929833682,-0.04000000000000001
434,4.34,0.057410530265546045,-0.04000000000000001
435,4.3500000000000005,0.04776362480591622,-0.04000000000000001
436,4.36,0.03799733515908791,-0.04000000000000001
437,4.37,0.028136071962990096,-0.04000000000000001
438,4.38,0.018204483239969232,-0.04000000000000001
439,4.39,0.00822739278956005,-0.04000000000000001
440,4.4,-0.001770261858081118,-0.04000000000000001
441,4.41,-0.011763491773010218,-0.04000000000000001
442,4.42,-0.021727319084816295,-0.04000000000000001
443,4.43,-0.03163683941427796,-0.04000000000000001
444,4.44,-0.04146728412135278,-0.04000000000000001
445,4.45,-0.05119408221386695,-0.04000000000000001
446,4.46,-0.060792921762209066,-0.04000000000000001
447,4.47,-0.0702398106664873,-0.04000000000000001
448,4.48,-0.0795111366242869,-0.04000000000000001
449,4.49,-0.08858372614912523,-0.04000000000000001
450,4.5,-0.09743490249210221,-0.04000000000000001
451,4.51,-0.10604254232196526,-0.04000000000000001
452,4.5200000000000005,-0.11438513102191306,-0.04000000000000001
453,4.53,-0.12244181646492956,-0.04000000000000001
454,4.54,-0.1301924611332491,-0.04000000000000001
455,4.55,-0.13761769245165964,-0.04000000000000001
456,4.5600000000000005,-0.14469895120884974,-0.04000000000000001
457,4.57,-0.15141853794577376,-0.04000000000000001
458,4.58,-0.1577596571950835,-0.04000000000000001
459,4.59,-0.16370645946104684,-0.04000000000000001
460,4.6000000000000005,-0.1692440808350343,-0.04000000000000001
461,4.61,-0.17435868014754688,-0.04000000000000001
462,4.62,-0.1790374735639365,-0.04000000000000001
463,4.63,-0.18326876653732946,-0.04000000000000001
464,4.64,-0.18704198303890765,-0.04000000000000001
465,4.65,-0.1903476919924708,-0.04000000000000001
466,4.66,-0.19317763084721398,-0.04000000000000001
467,4.67,-0.19552472622980482,-0.04000000000000001
468,4.68,-0.1973831116241298,-0.04000000000000001
469,4.69,-0.19874814203453206,-0.04000000000000001
470,4.7,-0.1996164055958793,-0.04000000000000001
471,4.71,-0.19998573210145126,-0.04000000000000001
472,4.72,-0.19985519842732558,-0.04000000000000001
473,4.73,-0.19922513083970683,-0.04000000000000001
474,4.74,-0.19809710417943116,-0.04000000000000001
475,4.75,-0.1964739379256846,-0.04000000000000001
476,4.76,-0.19435968914877277,-0.04000000000000001
477,4.7700000000000005,-0.191759642369558,-0.04000000000000001
478,4.78,-0.188680296350911,-0.04000000000000001
479,4.79,-0.18512934785418556,-0.04000000000000001
480,4.8,-0.18111567240132465,-0.04000000000000001
481,4.8100000000000005,-0.17664930209067914,-0.04000000000000001
482,4.82,-0.17174140052198572,-0.04000000000000001
483,4.83,-0.1664042348931798,-0.04000000000000001
484,4.84,-0.16065114533879118,-0.04000000000000001
485,4.8500000000000005,-0.1544965115865539,-0.04000000000000001
486,4.86,-0.14795571701557894,-0.04000000000000001
487,4.87,-0.14104511020591196,-0.04000000000000001
488,4.88,-0.13378196407560458,-0.04000000000000001
489,4.89,-0.1261844327074083,-0.04000000000000001
490,4.9,-0.1182715059730246,-0.04000000000000001
491,4.91,-0.11006296206831907,-0.04000000000000001
492,4.92,-0.10157931807812413,-0.04000000000000001
493,4.93,-0.0928417786942213,-0.04000000000000001
494,4.94,-0.08387218321464532,-0.04000000000000001
495,4.95,-0.07469295095682263,-0.04000000000000001
496,4.96,-0.06532702522094479,-0.04000000000000001
497,4.97,-0.05579781594367167,-0.04000000000000001
498,4.98,-0.046129141185478804,-0.04000000000000001
499,4.99,-0.03634516759791454,-0.04000000000000001
500,5.0,-0.026470350019554268,-0.04000000000000001
501,5.01,-0.016529370351636912,-0.04000000000000001
502,5.0200000000000005,-0.006547075866168721,-0.04000000000000001
503,5.03,0.0034515828993122756,-0.04000000000000001
504,5.04,0.013441614505094618,-0.04000000000000001
505,5.05,0.023398049074873153,-0.04000000000000001
506,5.0600000000000005,0.03329600070743289,-0.04000000000000001
507,5.07,0.0431107296784446,-0.04000000000000001
508,5.08,0.05281770427689422,-0.04000000000000001
509,5.09,0.06239266212158026,-0.04000000000000001
510,5.1000000000000005,0.07181167080443399,-0.04000000000000001
511,5.11,0.0810511877090705,-0.04000000000000001
512,5.12,0.09008811885507817,-0.04000000000000001
513,5.13,0.09889987662093223,-0.04000000000000001
514,5.14,0.10746443620129408,-0.04000000000000001
515,5.15,0.11576039065755031,-0.04000000000000001
516,5.16,0.12376700442400757,-0.04000000000000001
517,5.17,0.1314642651360158,-0.04000000000000001
518,5.18,0.13883293365044866,-0.04000000000000001
519,5.19,0.14585459213355054,-0.04000000000000001
520,5.2,0.15251169009592078,-0.04000000000000001
521,5.21,0.15878758825960404,-0.04000000000000001
522,5.22,0.1646666001476157,-0.04000000000000001
523,5.23,0.1701340312919667,-0.04000000000000001
524,5.24,0.17517621596217836,-0.04000000000000001
525,5.25,0.1797805513224936,-0.04000000000000001
526,5.26,0.18393552893240384,-0.04000000000000001
527,5.2700000000000005,0.18763076351175528,-0.04000000000000001
528,5.28,0.1908570188985395,-0.04000000000000001
529,5.29,0.1936062311344914,-0.04000000000000001
530,5.3,0.1958715286207835,-0.04000000000000001
531,5.3100000000000005,0.19764724929344368,-0.04000000000000001
532,5.32,0.19892895477556768,-0.04000000000000001
533,5.33,0.19971344147094972,-0.04000000000000001
534,5.34,0.19999874857140415,-0.04000000000000001
535,5.3500000000000005,0.1997841629577648,-0.04000000000000001
536,5.36,0.19907022098231186,-0.04000000000000001
537,5.37,0.19785870712816994,-0.04000000000000001
538,5.38,0.19615264954903053,-0.04000000000000001
539,5.39,0.19395631250034367,-0.04000000000000001
540,5.4,0.19127518568090052,-0.04000000000000001
541,5.41,0.18811597051144655,-0.04000000000000001
542,5.42,0.18448656338461702,-0.04000000000000001
543,5.43,0.1803960359280714,-0.04000000000000001
544,5.44,0.17585461233014438,-0.04000000000000001
545,5.45,0.1708736437847043,-0.04000000000000001
546,5.46,0.16546558011907594,-0.04000000000000001
547,5.47,0.15964393867595825,-0.04000000000000001
548,5.48,0.1534232705271058,-0.04000000000000001
549,5.49,0.14681912410323025,-0.04000000000000001
550,5.5,0.13984800633101932,-0.04000000000000001
551,5.51,0.13252734137441466,-0.04000000000000001
552,5.5200000000000005,0.12487542708327802,-0.04000000000000001
553,5.53,0.11691138925829954,-0.04000000000000001
554,5.54,0.10865513384644987,-0.04000000000000001
555,5.55,0.10012729718648271,-0.04000000000000001
556,5.5600000000000005,0.09134919442883764,-0.04000000000000001
557,5.57,0.08234276625886253,-0.04000000000000001
558,5.58,0.07313052405652395,-0.04000000000000001
559,5.59,0.06373549362968478,-0.04000000000000001
560,5.6000000000000005,0.05418115766157348,-0.04000000000000001
561,5.61,0.04449139701631104,-0.04000000000000001
562,5.62,0.034690431049178086,-0.04000000000000001
563,5.63,0.024802757070850827,-0.04000000000000001
564,5.64,0.01485308911687263,-0.04000000000000001
565,5.65,0.004866296175440112,-0.04000000000000001
566,5.66,-0.005132659972111531,-0.04000000000000001
567,5.67,-0.015118787142771954,-0.04000000000000001
568,5.68,-0.025067125219286165,-0.04000000000000001
569,5.69,-0.034952808537460016,-0.04000000000000001
570,5.7,-0.044751128037359617,-0.04000000000000001
571,5.71,-0.05443759302310278,-0.04000000000000001
572,5.72,-0.0639879923768386,-0.04000000000000001
573,5.73,-0.07337845507393591,-0.04000000000000001
574,5.74,-0.08258550984810899,-0.04000000000000001
575,5.75,-0.0915861438573626,-0.04000000000000001
576,5.76,-0.10035786020411451,-0.04000000000000001
577,5.7700000000000005,-0.10887873416572061,-0.04000000000000001
578,5.78,-0.1171274679948598,-0.04000000000000001
579,5.79,-0.12508344415281802,-0.04000000000000001
580,5.8,-0.13272677684259376,-0.04000000000000001
581,5.8100000000000005,-0.1400383617130321,-0.04000000000000001
582,5.82,-0.14699992360975578,-0.04000000000000001
583,5.83,-0.15359406225353542,-0.04000000000000001
584,5.84,-0.15980429573192256,-0.04000000000000001
585,5.8500000000000005,-0.1656151016954491,-0.04000000000000001
586,5.86,-0.17101195615541387,-0.04000000000000001
587,5.87,-0.17598136978629592,-0.04000000000000001
588,5.88,-0.18051092164203725,-0.04000000000000001
589,5.89,-0.1845892902019442,-0.04000000000000001
590,5.9,-0.18820628166859085,-0.04000000000000001
591,5.91,-0.1913528554470022,-0.04000000000000001
592,5.92,-0.19402114674143717,-0.04000000000000001
593,5.93,-0.19620448621327807,-0.04000000000000001
594,5.94,-0.19789741665090718,-0.04000000000000001
595,5.95,-0.19909570660989107,-0.04000000000000001
596,5.96,-0.19979636098938988,-0.04000000000000001
597,5.97,-0.19999762851834862,-0.04000000000000001
598,5.98,-0.19969900613276292,-0.04000000000000001
599,5.99,-0.19890124023307718,-0.04000000000000001
600,6.0,-0.19760632481857232,-0.04000000000000001
601,6.01,-0.19581749650340566,-0.04000000000000001
602,6.0200000000000005,-0.19353922642676097,-0.04000000000000001
603,6.03,-0.1907772090773304,-0.04000000000000001
604,6.04,-0.18753834806005637,-0.04000000000000001
605,6.05,-0.18383073884071532,-0.04000000000000001
606,6.0600000000000005,-0.1796636485114705,-0.04000000000000001
607,6.07,-0.17504749262796696,-0.04000000000000001
608,6.08,-0.16999380917586546,-0.04000000000000001
609,6.09,-0.1645152297318887,-0.04000000000000001
610,6.1000000000000005,-0.15862544789145683,-0.04000000000000001
611,6.11,-0.15233918504183344,-0.04000000000000001
612,6.12,-0.14567215356631844,-0.04000000000000001
613,6.13,-0.13864101757147965,-0.04000000000000001
614,6.140000000000001,-0.1312633512355573,-0.04000000000000001
615,6.15,-0.12355759488217893,-0.04000000000000001
616,6.16,-0.11554300888914666,-0.04000000000000001
617,6.17,-0.10723962554752615,-0.04000000000000001
618,6.18,-0.09866819899135537,-0.04000000000000001
619,6.19,-0.08985015332310964,-0.04000000000000001
620,6.2,-0.0808075290646127,-0.04000000000000001
621,6.21,-0.07156292806720184,-0.04000000000000001
622,6.22,-0.06213945701887548,-0.04000000000000001
623,6.23,-0.052560669689604204,-0.04000000000000001
624,6.24,-0.042850508059176506,-0.04000000000000001
625,6.25,-0.033033242474715466,-0.04000000000000001
626,6.26,-0.023133410987447756,-0.04000000000000001
627,6.2700000000000005,-0.013175758020357559,-0.04000000000000001
628,6.28,-0.0031851725200200166,-0.04000000000000001
629,6.29,0.006813374252811793,-0.04000000000000001
630,6.3,0.01679489113834971,-0.04000000000000001
631,6.3100000000000005,0.026734429542651962,-0.04000000000000001
632,6.32,0.036607145796117936,-0.04000000000000001
633,6.33,0.046388363249726616,-0.04000000000000001
634,6.34,0.056053633953803556,-0.04000000000000001
635,6.3500000000000005,0.06557879976516559,-0.04000000000000001
636,6.36,0.07494005272989206,-0.04000000000000001
637,6.37,0.08411399459082013,-0.04000000000000001
638,6.38,0.09307769527099141,-0.04000000000000001
639,6.390000000000001,0.1018087501869131,-0.04000000000000001
640,6.4,0.11028533624833842,-0.04000000000000001
641,6.41,0.11848626640463572,-0.04000000000000001
642,6.42,0.12639104260137726,-0.04000000000000001
643,6.43,0.1339799070147968,-0.04000000000000001
644,6.44,0.1412338914360671,-0.04000000000000001
645,6.45,0.14813486468193504,-0.04000000000000001
646,6.46,0.15466557791324434,-0.04000000000000001
647,6.47,0.16080970774804731,-0.04000000000000001
648,6.48,0.16655189706155693,-0.04000000000000001
649,6.49,0.1718777933709631,-0.04000000000000001
650,6.5,0.1767740847091663,-0.04000000000000001
651,6.51,0.18122853289776028,-0.04000000000000001
652,6.5200000000000005,0.18523000413610585,-0.04000000000000001
653,6.53,0.18876849683003197,-0.04000000000000001
654,6.54,0.1918351665906162,-0.04000000000000001
655,6.55,0.19442234834054692,-0.04000000000000001
656,6.5600000000000005,0.19652357547282825,-0.04000000000000001
657,6.57,0.19813359601392685,-0.04000000000000001
658,6.58,0.19924838575097276,-0.04000000000000001
659,6.59,0.19986515829019472,-0.04000000000000001
660,6.6000000000000005,0.19998237202145341,-0.04000000000000001
661,6.61,0.1995997339714645,-0.04000000000000001
662,6.62,0.19871820053607897,-0.04000000000000001
663,6.63,0.1973399750897915,-0.04000000000000001
664,6.640000000000001,0.19546850247845166,-0.04000000000000001
665,6.65,0.19310846040894417,-0.04000000000000001
666,6.66,0.19026574775735644,-0.04000000000000001
667,6.67,0.1869474698248608,-0.04000000000000001
668,6.68,0.1831619205781637,-0.04000000000000001
669,6.69,0.17891856191890482,-0.04000000000000001
670,6.7,0.1742280000338351,-0.04000000000000001
671,6.71,0.16910195888486923,-0.04000000000000001
672,6.72,0.16355325090528816,-0.04000000000000001
673,6.73,0.1575957449753303,-0.04000000000000001
674,6.74,0.15124433175721239,-0.04000000000000001
675,6.75,0.14451488647622676,-0.04000000000000001
676,6.76,0.13742422924094863,-0.04000000000000001
677,6.7700000000000005,0.12999008300172213,-0.04000000000000001
678,6.78,0.12223102925251894,-0.04000000000000001
679,6.79,0.11416646158687281,-0.04000000000000001
680,6.8,0.10581653722400448,-0.04000000000000001
681,6.8100000000000005,0.0972021266262622,-0.04000000000000001
682,6.82,0.08834476133384445,-0.04000000000000001
683,6.83,0.07926658014715443,-0.04000000000000001
684,6.84,0.06999027379133212,-0.04000000000000001
685,6.8500000000000005,0.06053902820126276,-0.04000000000000001
686,6.86,0.05093646656880531,-0.04000000000000001
687,6.87,0.0412065902971262,-0.04000000000000001
688,6.88,0.03137371900968166,-0.04000000000000001
689,6.890000000000001,0.021462429763828523,-0.04000000000000001
690,6.9,0.011497495620984571,-0.04000000000000001
691,6.91,0.001503823726868128,-0.04000000000000001
692,6.92,-0.008493606943390648,-0.04000000000000001
693,6.93,-0.018469808019674513,-0.04000000000000001
694,6.94,-0.02839984419480068,-0.04000000000000001
695,6.95,-0.03825889554979137,-0.04000000000000001
696,6.96,-0.04802231959075523,-0.04000000000000001
697,6.97,-0.05766571284228416,-0.04000000000000001
698,6.98,-0.06716497184343005,-0.04000000000000001
699,6.99,-0.07649635339380717,-0.04000000000000001
700,7.0,-0.08563653389923052,-0.04000000000000001
701,7.01,-0.09456266766855052,-0.04000000000000001
702,7.0200000000000005,-0.10325244401598571,-0.04000000000000001
703,7.03,-0.11168414302621305,-0.04000000000000001
704,7.04,-0.11983668984285333,-0.04000000000000001
705,7.05,-0.12768970734462695,-0.04000000000000001
706,7.0600000000000005,-0.13522356707755417,-0.04000000000000001
707,7.07,-0.1424194383158588,-0.04000000000000001
708,7.08,-0.14925933512898348,-0.04000000000000001
709,7.09,-0.15572616133704575,-0.04000000000000001
710,7.1000000000000005,-0.1618037532423815,-0.04000000000000001
711,7.11,-0.16747692003037787,-0.04000000000000001
712,7.12,-0.17273148173859137,-0.04000000000000001
713,7.13,-0.1775543046992752,-0.04000000000000001
714,7.140000000000001,-0.18193333436670578,-0.04000000000000001
715,7.15,-0.18585762544726794,-0.04000000000000001
716,7.16,-0.18931736925699222,-0.04000000000000001
717,7.17,-0.1923039182381544,-0.04000000000000001
718,7.18,-0.19480980757366537,-0.04000000000000001
719,7.19,-0.19682877384522904,-0.04000000000000001
720,7.2,-0.1983557706886232,-0.04000000000000001
721,7.21,-0.1993869814069843,-0.04000000000000001
722,7.22,-0.19991982851056062,-0.04000000000000001
723,7.23,-0.19995298015909443,-0.04000000000000001
724,7.24,-0.19948635349072957,-0.04000000000000001
725,7.25,-0.19852111482912252,-0.04000000000000001
726,7.26,-0.1970596767682407,-0.04000000000000001
727,7.2700000000000005,-0.1951056921421338,-0.04000000000000001
728,7.28,-0.19266404489475208,-0.04000000000000001
729,7.29,-0.18974083787262805,-0.04000000000000001
730,7.3,-0.186343377570941,-0.04000000000000001
731,7.3100000000000005,-0.1824801558710811,-0.04000000000000001
732,7.32,-0.17816082881537212,-0.04000000000000001
733,7.33,-0.17339619247199078,-0.04000000000000001
734,7.34,-0.16819815595042012,-0.04000000000000001
735,7.3500000000000005,-0.16257971163488047,-0.04000000000000001
736,7.36,-0.15655490271012978,-0.04000000000000001
737,7.37,-0.1501387880608219,-0.04000000000000001
738,7.38,-0.14334740463213128,-0.04000000000000001
739,7.390000000000001,-0.1361977273457445,-0.04000000000000001
740,7.4,-0.12870762667139965,-0.04000000000000001
741,7.41,-0.12089582396001251,-0.04000000000000001
742,7.42,-0.11278184465005221,-0.04000000000000001
743,7.43,-0.10438596946411723,-0.04000000000000001
744,7.44,-0.09572918371768269,-0.04000000000000001
745,7.45,-0.08683312486675034,-0.04000000000000001
746,7.46,-0.07772002842546837,-0.04000000000000001
747,7.47,-0.06841267238892976,-0.04000000000000001
748,7.48,-0.05893432030004984,-0.04000000000000001
749,7.49,-0.04930866310282184,-0.04000000000000001
750,7.5,-0.03955975992729212,-0.04000000000000001
751,7.51,-0.029711977954268883,-0.04000000000000001
752,7.5200000000000005,-0.01978993151005757,-0.04000000000000001
753,7.53,-0.009818420543469614,-0.04000000000000001
754,7.54,0.0001776313611438615,-0.04000000000000001
755,7.55,0.010173239279861683,-0.04000000000000001
756,7.5600000000000005,0.020143419398501866,-0.04000000000000001
757,7.57,0.030063251459134407,-0.04000000000000001
758,7.58,0.03990794104775782,-0.04000000000000001
759,7.59,0.04965288156741715,-0.04000000000000001
760,7.6000000000000005,0.05927371574187739,-0.04000000000000001
761,7.61,0.06874639649613871,-0.04000000000000001
762,7.62,0.07804724706158955,-0.04000000000000001
763,7.63,0.08715302015560696,-0.04000000000000001
764,7.640000000000001,0.0960409560876521,-0.04000000000000001
765,7.65,0.10468883964663991,-0.04000000000000001
766,7.66,0.11307505562740486,-0.04000000000000001
767,7.67,0.12117864285745306,-0.04000000000000001
768,7.68,0.12897934658897373,-0.04000000000000001
769,7.69,0.13645766912516824,-0.04000000000000001
770,7.7,0.14359491855432907,-0.04000000000000001
771,7.71,0.15037325546989208,-0.04000000000000001
772,7.72,0.15677573755965882,-0.04000000000000001
773,7.73,0.16278636195275212,-0.04000000000000001
774,7.74,0.1683901052184612,-0.04000000000000001
775,7.75,0.17357296091699567,-0.04000000000000001
776,7.76,0.1783219746082883,-0.04000000000000001
777,7.7700000000000005,0.18262527623134994,-0.04000000000000001
778,7.78,0.18647210977323792,-0.04000000000000001
779,7.79,0.1898528601534908,-0.04000000000000001
780,7.8,0.19275907725681765,-0.04000000000000001
781,7.8100000000000005,0.19518349705398969,-0.04000000000000001
782,7.82,0.19712005975812666,-0.04000000000000001
783,7.83,0.19856392497101102,-0.04000000000000001
784,7.84,0.19951148378156106,-0.04000000000000001
785,7.8500000000000005,0.19996036778622928,-0.04000000000000001
786,7.86,0.19990945500877835,-0.04000000000000001
787,7.87,0.19935887270463712,-0.04000000000000001
788,7.88,0.19830999704282817,-0.04000000000000001
789,7.890000000000001,0.19676544966626194,-0.04000000000000001
790,7.9,0.19472909113899556,-0.04000000000000001
791,7.91,0.19220601129683196,-0.04000000000000001
792,7.92,0.18920251652538153,-0.04000000000000001
793,7.930000000000001,0.18572611399738337,-0.04000000000000001
794,7.94,0.18178549290868262,-0.04000000000000001
795,7.95,0.1773905027597648,-0.04000000000000001
796,7.96,0.1725521287371356,-0.04000000000000001
797,7.97,0.1672824642560743,-0.04000000000000001
798,7.98,0.161594680733396,-0.04000000000000001
799,7.99,0.1555029946657679,-0.04000000000000001
800,8.0,0.14902263209586952,-0.04000000000000001
801,8.01,0.14216979055521803,-0.04000000000000001
802,8.02,0.13496159857877418,-0.04000000000000001
803,8.03,0.1274160728925241,-0.04000000000000001
804,8.040000000000001,0.1195520733810507,-0.04000000000000001
805,8.05,0.111389255947642,-0.04000000000000001
806,8.06,0.10294802338476612,-0.04000000000000001
807,8.07,0.09424947437772366,-0.04000000000000001
808,8.08,0.08531535076891433,-0.04000000000000001
809,8.09,0.07616798321455719,-0.04000000000000001
810,8.1,0.06683023536968379,-0.04000000000000001
811,8.11,0.05732544674089997,-0.04000000000000001
812,8.120000000000001,0.0476773743497767,-0.04000000000000001
813,8.13,0.03791013335267829,-0.04000000000000001
814,8.14,0.028048136765413983,-0.04000000000000001
815,8.15,0.01811603444342341,-0.04000000000000001
816,8.16,0.008138651469972629,-0.04000000000000001
817,8.17,-0.0018590738936267491,-0.04000000000000001
818,8.18,-0.011852152540677608,-0.04000000000000001
819,8.19,-0.0218156069788585,-0.04000000000000001
820,8.2,-0.031724533760942135,-0.04000000000000001
821,8.21,-0.041554165730441205,-0.04000000000000001
822,8.22,-0.05127993392660394,-0.04000000000000001
823,8.23,-0.06087752899402487,-0.04000000000000001
824,8.24,-0.07032296194336358,-0.04000000000000001
825,8.25,-0.07959262411133453,-0.04000000000000001
826,8.26,-0.08866334617006448,-0.04000000000000001
827,8.27,-0.09751245603834736,-0.04000000000000001
828,8.28,-0.10611783555004102,-0.04000000000000001
829,8.290000000000001,-0.11445797573795993,-0.04000000000000001
830,8.3,-0.12251203059509425,-0.04000000000000001
831,8.31,-0.13025986917877405,-0.04000000000000001
832,8.32,-0.13768212592753434,-0.04000000000000001
833,8.33,-0.14476024906494087,-0.04000000000000001
834,8.34,-0.15147654696936638,-0.04000000000000001
835,8.35,-0.1578142323938282,-0.04000000000000001
836,8.36,-0.16375746442536893,-0.04000000000000001
837,8.370000000000001,-0.16929138807908664,-0.04000000000000001
838,8.38,-0.17440217142785563,-0.04000000000000001
839,8.39,-0.17907704017495008,-0.04000000000000001
840,8.4,-0.1833043095831269,-0.04000000000000001
841,8.41,-0.18707341368038496,-0.04000000000000001
842,8.42,-0.19037493166939304,-0.04000000000000001
843,8.43,-0.19320061147457498,-0.04000000000000001
844,8.44,-0.19554339036800394,-0.04000000000000001
845,8.45,-0.1973974126225423,-0.04000000000000001
846,8.46,-0.19875804414810935,-0.04000000000000001
847,8.47,-0.19962188407449438,-0.04000000000000001
848,8.48,-0.19998677325176076,-0.04000000000000001
849,8.49,-0.19985179964699587,-0.04000000000000001
850,8.5,-0.1992173006239188,-0.04000000000000001
851,8.51,-0.19808486209964649,-0.04000000000000001
852,8.52,-0.19645731458072713,-0.04000000000000001
853,8.53,-0.19433872608834724,-0.04000000000000001
854,8.540000000000001,-0.19173439199039843,-0.04000000000000001
855,8.55,-0.1886508217658151,-0.04000000000000001
856,8.56,-0.18509572273426547,-0.04000000000000001
857,8.57,-0.18107798079186965,-0.04000000000000001
858,8.58,-0.1766076382010836,-0.04000000000000001
859,8.59,-0.17169586849027416,-0.04000000000000001
860,8.6,-0.16635494852571947,-0.04000000000000001
861,8.61,-0.16059822782583297,-0.04000000000000001
862,8.620000000000001,-0.15444009519432034,-0.04000000000000001
863,8.63,-0.1478959427556704,-0.04000000000000001
864,8.64,-0.14098212748284938,-0.04000000000000001
865,8.65,-0.13371593031339393,-0.04000000000000001
866,8.66,-0.12611551295606535,-0.04000000000000001
867,8.67,-0.11819987249603497,-0.04000000000000001
868,8.68,-0.10998879391206927,-0.04000000000000001
869,8.69,-0.10150280062437995,-0.04000000000000001
870,8.700000000000001,-0.09276310319676392,-0.04000000000000001
871,8.71,-0.08379154632124869,-0.04000000000000001
872,8.72,-0.07461055421772411,-0.04000000000000001
873,8.73,-0.0652430745850794,-0.04000000000000001
874,8.74,-0.055712521243909734,-0.04000000000000001
875,8.75,-0.04604271561415048,-0.04000000000000001
876,8.76,-0.03625782717393863,-0.04000000000000001
877,8.77,-0.0263823130485033,-0.04000000000000001
878,8.78,-0.01644085688008834,-0.04000000000000001
879,8.790000000000001,-0.006458307131705897,-0.04000000000000001
880,8.8,0.0035403850210830585,-0.04000000000000001
881,8.81,0.013530228055117603,-0.04000000000000001
882,8.82,0.023486252565419488,-0.04000000000000001
883,8.83,0.03338357367571172,-0.04000000000000001
884,8.84,0.04319745323764515,-0.04000000000000001
885,8.85,0.052903361663281835,-0.04000000000000001
886,8.86,0.062477039236298486,-0.04000000000000001
887,8.870000000000001,0.07189455674864009,-0.04000000000000001
888,8.88,0.08113237531106879,-0.04000000000000001
889,8.89,0.09016740518814409,-0.04000000000000001
890,8.9,0.09897706351052593,-0.04000000000000001
891,8.91,0.10753933072038968,-0.04000000000000001
892,8.92,0.11583280560885445,-0.04000000000000001
893,8.93,0.12383675880785494,-0.04000000000000001
894,8.94,0.13153118460277308,-0.04000000000000001
895,8.950000000000001,0.1388968509363031,-0.04000000000000001
896,8.96,0.1459153474785719,-0.04000000000000001
897,8.97,0.15256913164338828,-0.04000000000000001
898,8.98,0.15884157243556488,-0.04000000000000001
899,8.99,0.16471699201974344,-0.04000000000000001
900,9.0,0.17018070490682388,-0.04000000000000001
901,9.01,0.1752190546600351,-0.04000000000000001
902,9.02,0.17981944802891595,-0.04000000000000001
903,9.03,0.18397038642588331,-0.04000000000000001
904,9.040000000000001,0.187661494666711,-0.04000000000000001
905,9.05,0.19088354690308856,-0.04000000000000001
906,9.06,0.19362848968243832,-0.04000000000000001
907,9.07,0.1958894620773497,-0.04000000000000001
908,9.08,0.19766081283432746,-0.04000000000000001
909,9.09,0.198938114498981,-0.04000000000000001
910,9.1,0.1997181744823541,-0.04000000000000001
911,9.11,0.199999043040736,-0.04000000000000001
912,9.120000000000001,0.19978001814900415,-0.04000000000000001
913,9.13,0.19906164725532197,-0.04000000000000001
914,9.14,0.19784572591280336,-0.04000000000000001
915,9.15,0.1961352932915651,-0.04000000000000001
916,9.16,0.19393462458238409,-0.04000000000000001
917,9.17,0.19124922031094682,-0.04000000000000001
918,9.18,0.18808579258940109,-0.04000000000000001
919,9.19,0.18445224833956916,-0.04000000000000001
920,9.200000000000001,0.18035766952976107,-0.04000000000000001
921,9.21,0.1758122904745883,-0.04000000000000001
922,9.22,0.17082747225449998,-0.04000000000000001
923,9.23,0.1654156743190024,-0.04000000000000001
924,9.24,0.15959042334452597,-0.04000000000000001
925,9.25,0.15336627942477407,-0.04000000000000001
926,9.26,0.14675879967807456,-0.04000000000000001
927,9.27,0.13978449936268533,-0.04000000000000001
928,9.28,0.13246081059724832,-0.04000000000000001
929,9.290000000000001,0.12480603878957475,-0.04000000000000001
930,9.3,0.11683931688265686,-0.04000000000000001
931,9.31,0.10858055753227112,-0.04000000000000001
932,9.32,0.10005040333571709,-0.04000000000000001
933,9.33,0.09127017523606662,-0.04000000000000001
934,9.34,0.08226181923091311,-0.04000000000000001
935,9.35,0.07304785151881088,-0.04000000000000001
936,9.36,0.06365130222049732,-0.04000000000000001
937,9.370000000000001,0.05409565781558717,-0.04000000000000001
938,9.38,0.044404802438614756,-0.04000000000000001
939,9.39,0.03460295818111988,-0.04000000000000001
940,9.4,0.024714624549044464,-0.04000000000000001
941,9.41,0.014764517226724096,-0.04000000000000001
942,9.42,0.004777506300547429,-0.04000000000000001
943,9.43,-0.0052214459033020025,-0.04000000000000001
944,9.44,-0.01520734721166964,-0.04000000000000001
945,9.450000000000001,-0.025155238071844256,-0.04000000000000001
946,9.46,-0.03504025393743117,-0.04000000000000001
947,9.47,-0.044837687416785996,-0.04000000000000001
948,9.48,-0.05452305002861644,-0.04000000000000001
949,9.49,-0.06407213341042953,-0.04000000000000001
950,9.5,-0.07346106982683857,-0.04000000000000001
951,9.51,-0.08266639182646617,-0.04000000000000001
952,9.52,-0.09166509089835222,-0.04000000000000001
953,9.53,-0.10043467498125014,-0.04000000000000001
954,9.540000000000001,-0.1089532246820625,-0.04000000000000001
955,9.55,-0.11719944806291105,-0.04000000000000001
956,9.56,-0.1251527338598961,-0.04000000000000001
957,9.57,-0.13279320300051412,-0.04000000000000001
958,9.58,-0.1401017582909941,-0.04000000000000001
959,9.59,-0.14706013214933286,-0.04000000000000001
960,9.6,-0.1536509322647336,-0.04000000000000001
961,9.61,-0.15985768506933118,-0.04000000000000001
962,9.620000000000001,-0.1656648769135301,-0.04000000000000001
963,9.63,-0.1710579928420436,-0.04000000000000001
964,9.64,-0.17602355287373256,-0.04000000000000001
965,9.65,-0.18054914569453148,-0.04000000000000001
966,9.66,-0.18462345967927152,-0.04000000000000001
967,9.67,-0.188236311164853,-0.04000000000000001
968,9.68,-0.19137866990409766,-0.04000000000000001
969,9.69,-0.19404268163666671,-0.04000000000000001
970,9.700000000000001,-0.19622168772061976,-0.04000000000000001
971,9.71,-0.1979102417755501,-0.04000000000000001
972,9.72,-0.19910412329570312,-0.04000000000000001
973,9.73,-0.1998003481990399,-0.04000000000000001
974,9.74,-0.1999971762858889,-0.04000000000000001
975,9.75,-0.1996941155885391,-0.04000000000000001
976,9.76,-0.19889192360090305,-0.04000000000000001
977,9.77,-0.19759260538517626,-0.04000000000000001
978,9.78,-0.1957994085602259,-0.04000000000000001
979,9.790000000000001,-0.19351681518423564,-0.04000000000000001
980,9.8,-0.19075053055189428,-0.04000000000000001
981,9.81,-0.18750746893412865,-0.04000000000000001
982,9.82,-0.1837957362960303,-0.04000000000000001
983,9.83,-0.17962461003616098,-0.04000000000000001
984,9.84,-0.17500451579788917,-0.04000000000000001
985,9.85,-0.16994700141071328,-0.04000000000000001
986,9.86,-0.16446470802669808,-0.04000000000000001
987,9.870000000000001,-0.1585713385241786,-0.04000000000000001
988,9.88,-0.15228162325770703,-0.04000000000000001
989,9.89,-0.14561128323982755,-0.04000000000000001
990,9.9,-0.13857699084673888,-0.04000000000000001
991,9.91,-0.13119632814603516,-0.04000000000000001
992,9.92,-0.12348774295069209,-0.04000000000000001
993,9.93,-0.11547050270914674,-0.04000000000000001
994,9.94,-0.10716464634670389,-0.04000000000000001
995,9.950000000000001,-0.09859093417866074,-0.04000000000000001
996,9.96,-0.08977079602033934,-0.04000000000000001
997,9.97,-0.08072627762369392,-0.04000000000000001
998,9.98,-0.07147998557442062,-0.04000000000000001
999,9.99,-0.062055030787269455,-0.04000000000000001
1000,10.0,-0.052474970740785436,-0.04000000000000001
