0.0, -1.0
0.01, -0.5244774537948127
0.02, -0.09600451926405013
0.03, 0.28828635868357433
0.04, 0.6312358403630269
0.05, 0.935620447857033
0.06, 1.2041268943855068
0.07, 1.4393355040423466
0.08, 1.6437105770208373
0.09, 1.819595904354561
0.1, 1.9692139684010008
0.11, 2.0946676657917056
0.12, 2.197943651764896
0.13, 2.280916627255026
0.14, 2.345354074420738
0.15, 2.392921095640348
0.16, 2.425185129321495
0.17, 2.443620407298875
0.18, 2.449612087180751
0.19, 2.44446004254742
0.2, 2.4293823278657545
0.21, 2.405518356459774
0.22, 2.3739318415916624
0.23, 2.3356135550197887
0.24, 2.2914839563203477
0.25, 2.2423957414693585
0.26, 2.189136352060061
0.27, 2.1324304781778807
0.28, 2.072942579222751
0.29, 2.01127943848934
0.3, 1.947992759533547
0.31, 1.8835818055540514
0.32, 1.8184960773568446
0.33, 1.7531380210026417
0.34, 1.6878657529386805
0.35000000000000003, 1.6229957882090895
0.36, 1.5588057561066098
0.37, 1.4955370872367117
0.38, 1.4333976562681137
0.39, 1.37256436549722
0.4, 1.3131856556215336
0.41000000000000003, 1.2553839316744706
0.42, 1.1992578938120249
0.43, 1.144884764467614
0.44, 1.0923224052288085
0.45, 1.0416113185779647
0.46, 0.9927765313319931
0.47000000000000003, 0.9458293581815423
0.48, 0.9007690451448209
0.49, 0.8575842940036287
0.5, 0.816254669874068
0.51, 0.7767518949830547
0.52, 0.7390410324799873
0.53, 0.7030815647199479
0.54, 0.6688283709220952
0.55, 0.6362326094473735
0.56, 0.6052425101669063
0.5700000000000001, 0.5758040825202261
0.58, 0.5478617449042537
0.59, 0.5213588810025612
0.6, 0.4962383285719528
0.61, 0.4724428060608723
0.62, 0.44991528225164507
0.63, 0.42859929390506574
0.64, 0.40843921614929884
0.65, 0.3893804901023852
0.66, 0.3713698119548024
0.67, 0.354355287470588
0.68, 0.33828655559674614
0.6900000000000001, 0.3231148846045419
0.7000000000000001, 0.30879324392568713
0.71, 0.2952763545936153
0.72, 0.28252072095677677
0.73, 0.2704846460984804
0.74, 0.2591282331771884
0.75, 0.2484133746929523
0.76, 0.23830373149018513
0.77, 0.22876470312432007
0.78, 0.2197633910500196
0.79, 0.21126855593125657
0.8, 0.20325057022843912
0.81, 0.19568136708436198
0.8200000000000001, 0.18853438640863293
0.8300000000000001, 0.18178451894879202
0.84, 0.17540804903502819
0.85, 0.16938259659359853
0.86, 0.16368705894116015
0.87, 0.1583015527976244
0.88, 0.15320735688823936
0.89, 0.14838685544581554
0.9, 0.14382348287076951
0.91, 0.13950166975943007
0.92, 0.13540679046931745
0.93, 0.13152511235338402
0.9400000000000001, 0.1278437467630345
0.9500000000000001, 0.12435060189169753
0.96, 0.1210343375063988
0.97, 0.11788432159381666
0.98, 0.1148905889293394
0.99, 0.11204380156237446
1.0, 0.10933521119828947
1.01, 0.10675662344662777
1.02, 0.1043003638963927
1.03, 0.10195924597201284
1.04, 0.09972654051788314
1.05, 0.09759594705494262
1.06, 0.09556156664943141
1.07, 0.09361787633162233
1.08, 0.09175970500080965
1.09, 0.08998221075204267
1.1, 0.0882808595599063
1.11, 0.08665140525498227
1.12, 0.0850898707293868
1.1300000000000001, 0.08359253030890142
1.1400000000000001, 0.08215589323062629
1.1500000000000001, 0.08077668816673321
1.16, 0.0794518487367282
1.17, 0.07817849995260752
1.18, 0.07695394554336811
1.19, 0.0757756561074814
1.2, 0.07464125804413008
1.21, 0.07354852321621713
1.22, 0.07249535930036435
1.23, 0.07147980078130792
1.24, 0.07050000055025642
1.25, 0.06955422206889048
1.26, 0.06864083206274434
1.27, 0.06775829370971018
1.28, 0.06690516029134029
1.29, 0.06608006927648603
1.3, 0.06528173680860318
1.31, 0.06450895256976817
1.32, 0.06376057499608893
1.33, 0.0630355268207558
1.34, 0.06233279092246447
1.35, 0.06165140645835341
1.36, 0.06099046526193553
1.37, 0.06034910848776851
1.3800000000000001, 0.05972652348580333
1.3900000000000001, 0.05912194088947748
1.4000000000000001, 0.05853463190268125
1.41, 0.05796390577172432
1.42, 0.0574091074293687
1.43, 0.05686961529887538
1.44, 0.056344839246838335
1.45, 0.05583421867435399
1.46, 0.05533722073679881
1.47, 0.054853338683165755
1.48, 0.0543820903065436
1.49, 0.05392301649791491
1.5, 0.053475679896000404
1.51, 0.053039663626392404
1.52, 0.05261457012369988
1.53, 0.05220002003087475
1.54, 0.05179565117030514
1.55, 0.05140111758164887
1.56, 0.051016088621740285
1.57, 0.050640248122238996
1.58, 0.05027329360099995
1.59, 0.04991493552343363
1.6, 0.04956489661039382
1.61, 0.04922291118937958
1.62, 0.04888872458606957
1.6300000000000001, 0.048562092553421636
1.6400000000000001, 0.0482427807357698
1.6500000000000001, 0.047930564165535434
1.6600000000000001, 0.04762522679034091
1.67, 0.04732656102847272
1.68, 0.04703436735078844
1.69, 0.04674845388729826
1.7, 0.04646863605677839
1.71, 0.04619473621789089
1.72, 0.045926583340392964
1.73, 0.04566401269511948
1.74, 0.04540686556151582
1.75, 0.04515498895158431
1.76, 0.04490823534918787
1.77, 0.044666462463728344
1.78, 0.04442953299728597
1.79, 0.04419731442437007
1.8, 0.043969678783489924
1.81, 0.04374650247980974
1.82, 0.04352766609820207
1.83, 0.043313054226061284
1.84, 0.0431025552852821
1.85, 0.04289606137284864
1.86, 0.042693468109517047
1.87, 0.04249467449610932
1.8800000000000001, 0.042299582776968415
1.8900000000000001, 0.04210809831015446
1.9000000000000001, 0.041920129443989936
1.9100000000000001, 0.04173558739958719
1.92, 0.04155438615901584
1.93, 0.041376442358789824
1.94, 0.04120167518837441
1.95, 0.04103000629343294
1.96, 0.04086135968355065
1.97, 0.04069566164418994
1.98, 0.04053284065264638
1.99, 0.040372827297789765
2.0, 0.04021555420338733
2.0100000000000002, 0.0400609559548192
2.02, 0.03990896902900747
2.0300000000000002, 0.039759531727391266
2.04, 0.03961258411179019
2.05, 0.039468067943008084
2.06, 0.03932592662203775
2.07, 0.03918610513373539
2.08, 0.03904854999284141
2.09, 0.03891320919223125
2.1, 0.038780032153286605
2.11, 0.03864896967828368
2.12, 0.03851997390470102
2.13, 0.03839299826135489
2.14, 0.038267997426275235
2.15, 0.03814492728624035
2.16, 0.03802374489789246
2.17, 0.037904408450360985
2.18, 0.03778687722932416
2.19, 0.037671111582443205
2.2, 0.03755707288610699
2.21, 0.03744472351342829
2.22, 0.037334026803435776
2.23, 0.03722494703140885
2.24, 0.03711744938030519
2.25, 0.03701149991323333
2.2600000000000002, 0.03690706554692514
2.27, 0.03680411402616515
2.2800000000000002, 0.03670261389913612
2.29, 0.03660253449364195
2.3000000000000003, 0.03650384589417114
2.31, 0.036406518919765735
2.32, 0.03631052510266243
2.33, 0.036215836667674015
2.34, 0.03612242651228098
2.35, 0.03603026818740447
2.36, 0.03593933587883314
2.37, 0.035849604389277735
2.38, 0.03576104912102846
2.39, 0.03567364605919133
2.4, 0.03558737175548076
2.41, 0.035502203312546804
2.42, 0.03541811836881618
2.43, 0.035335095083827484
2.44, 0.03525311212404158
2.45, 0.0351721486491091
2.46, 0.03509218429857788
2.47, 0.035013199179023714
2.48, 0.034935173851588654
2.49, 0.03485808931991182
2.5, 0.034781927018438095
2.5100000000000002, 0.03470666880109098
2.52, 0.034632296930296264
2.5300000000000002, 0.03455879406634384
2.54, 0.03448614325707541
2.5500000000000003, 0.034414327927886554
2.56, 0.03434333187203171
2.57, 0.03427313924122162
2.58, 0.034203734536502724
2.59, 0.034135102599408725
2.6, 0.03406722860337479
2.61, 0.03400009804540535
2.62, 0.03393369673798664
2.63, 0.03386801080123572
2.64, 0.033803026655277804
2.65, 0.033738731012844234
2.66, 0.03367511087208355
2.67, 0.033612153509578614
2.68, 0.03354984647356279
2.69, 0.03348817757732868
2.7, 0.03342713489282295
2.71, 0.03336670674442118
2.72, 0.03330688170287679
2.73, 0.03324764857943845
2.74, 0.03318899642013048
2.75, 0.033130914500190886
2.7600000000000002, 0.03307339231866218
2.77, 0.03301641959312989
2.7800000000000002, 0.0329599862546042
2.79, 0.03290408244254016
2.8000000000000003, 0.03284869849999204
2.81, 0.032793824968897795
2.82, 0.03273945258548932
2.83, 0.03268557227582488
2.84, 0.032632175151439735
2.85, 0.0325792525051114
2.86, 0.03252679580673603
2.87, 0.03247479669931257
2.88, 0.03242324699503136
2.89, 0.032372138671464025
2.9, 0.03232146386785172
2.91, 0.032271214881488666
2.92, 0.03222138416419816
2.93, 0.03217196431889841
2.94, 0.032122948096255446
2.95, 0.032074328391420576
2.96, 0.032026098240849954
2.97, 0.03197825081920384
2.98, 0.03193077943632323
2.99, 0.03188367753428161
3.0, 0.031836938684509805
3.0100000000000002, 0.03179055658499162
3.02, 0.03174452505752845
3.0300000000000002, 0.03169883804507078
3.04, 0.031653489609114766
3.0500000000000003, 0.03160847392716201
3.06, 0.03156378529024082
3.0700000000000003, 0.03151941810048715
3.08, 0.03147536686878367
3.09, 0.03143162621245531
3.1, 0.031388190853019714
3.11, 0.031345055613991105
3.12, 0.031302215418736117
3.13, 0.031259665288380194
3.14, 0.031217400339763134
3.15, 0.031175415783442538
3.16, 0.031133706921743783
3.17, 0.03109226914685536
3.18, 0.03105109793896831
3.19, 0.031010188864458617
3.2, 0.030969537574111437
3.21, 0.030929139801386018
3.22, 0.03088899136072029
3.23, 0.030849088145874073
3.24, 0.03080942612830988
3.25, 0.03077000135561039
3.2600000000000002, 0.03073080994993159
3.27, 0.030691848106490716
3.2800000000000002, 0.03065311209208808
3.29, 0.030614598243661913
3.3000000000000003, 0.03057630296687541
3.31, 0.03053822273473513
3.3200000000000003, 0.030500354086240015
3.33, 0.030462693625060183
3.34, 0.030425238018244823
3.35, 0.030387983994958418
3.36, 0.030350928345244634
3.37, 0.030314067918817137
3.38, 0.030277399623876742
3.39, 0.03024092042595418
3.4, 0.030204627346777906
3.41, 0.030168517463166324
3.42, 0.030132587905943822
3.43, 0.030096835858880063
3.44, 0.030061258557651935
3.45, 0.030025853288827686
3.46, 0.02999061738887262
3.47, 0.02995554824317592
3.48, 0.02992064328509805
3.49, 0.02988589999503827
3.5, 0.029851315899521776
3.5100000000000002, 0.029816888570305993
3.52, 0.029782615623505624
3.5300000000000002, 0.029748494718735946
3.54, 0.029714523558273986
3.5500000000000003, 0.029680699886237116
3.56, 0.029647021487778702
3.5700000000000003, 0.029613486188300394
3.58, 0.029580091852680675
3.59, 0.029546836384519302
3.6, 0.02951371772539727
3.61, 0.02948073385415195
3.62, 0.029447882786167067
3.63, 0.02941516257267715
3.64, 0.029382571300086157
3.65, 0.029350107089299957
3.66, 0.029317768095072336
3.67, 0.029285552505364243
3.68, 0.029253458540715975
3.69, 0.029221484453632013
3.7, 0.029189628527978226
3.71, 0.029157889078391182
3.72, 0.029126264449699284
3.73, 0.029094753016355477
3.74, 0.02906335318188128
3.75, 0.02903206337832188
3.7600000000000002, 0.02900088206571207
3.77, 0.028969807731552756
3.7800000000000002, 0.02893883889029787
3.79, 0.028907974082851385
3.8000000000000003, 0.02887721187607427
3.81, 0.02884655086230116
3.8200000000000003, 0.028815989658866524
3.83, 0.028785526907640125
3.84, 0.028755161274571586
3.85, 0.028724891449243863
3.86, 0.028694716144435445
3.87, 0.02866463409569106
3.88, 0.028634644060900778
3.89, 0.02860474481988725
3.9, 0.028574935174000983
3.91, 0.028545213945723433
3.92, 0.02851557997827779
3.93, 0.02848603213524727
3.94, 0.028456569300200754
3.95, 0.028427190376325667
3.96, 0.028397894286067867
3.97, 0.02836867997077849
3.98, 0.028339546390367534
3.99, 0.028310492522964085
4.0, 0.028281517364583036
4.01, 0.027242921132129984
4.0200000000000005, 0.027215128927117038
4.03, 0.02718741000444107
4.04, 0.027159763455784174
4.05, 0.027132188388893884
4.0600000000000005, 0.027104683927267594
4.07, 0.02707724920984532
4.08, 0.027049883390710364
4.09, 0.027022585638797537
4.1, 0.0269953551376086
4.11, 0.026968191084934562
4.12, 0.026941092692584608
4.13, 0.026914059186121327
4.14, 0.026887089804602016
4.15, 0.02686018380032583
4.16, 0.026833340438586557
4.17, 0.026806558997430806
4.18, 0.026779838767421432
4.19, 0.026753179051406024
4.2, 0.026726579164290276
4.21, 0.026700038432816105
4.22, 0.026673556195344356
4.23, 0.026647131801641962
4.24, 0.02662076461267343
4.25, 0.026594454000396537
4.26, 0.026568199347562098
4.2700000000000005, 0.02654200004751773
4.28, 0.02651585550401547
4.29, 0.026489765131023187
4.3, 0.026463728352539646
4.3100000000000005, 0.026437744602413178
4.32, 0.02641181332416384
4.33, 0.026385933970809006
4.34, 0.02636010600469226
4.3500000000000005, 0.026334328897315594
4.36, 0.02630860212917474
4.37, 0.026282925189597673
4.38, 0.0262572975765861
4.39, 0.02623171879665997
4.4, 0.026206188364704883
4.41, 0.026180705803822334
4.42, 0.026155270645182777
4.43, 0.026129882427881404
4.44, 0.026104540698796606
4.45, 0.026079245012451048
4.46, 0.026053994930875315
4.47, 0.026028790023474076
4.48, 0.026003629866894706
4.49, 0.025978514044898326
4.5, 0.025953442148233214
4.51, 0.025928413774510533
4.5200000000000005, 0.025903428528082324
4.53, 0.025878486019921737
4.54, 0.025853585867505465
4.55, 0.025828727694698284
4.5600000000000005, 0.025803911131639726
4.57, 0.025779135814632804
4.58, 0.025754401386034756
4.59, 0.02572970749414978
4.6000000000000005, 0.025705053793123708
4.61, 0.02568043994284058
4.62, 0.025655865608821122
4.63, 0.025631330462123025
4.64, 0.02560683417924304
4.65, 0.02558237644202085
4.66, 0.02555795693754467
4.67, 0.025533575358058537
4.68, 0.02550923140087129
4.69, 0.025484924768267192
4.7, 0.025460655167418127
4.71, 0.02543642231029742
4.72, 0.025412225913595182
4.73, 0.02538806569863517
4.74, 0.025363941391293155
4.75, 0.025339852721916755
4.76, 0.025315799425246695
4.7700000000000005, 0.02529178124033948
4.78, 0.025267797910491458
4.79, 0.02524384918316425
4.8, 0.0252199348099115
4.8100000000000005, 0.025196054546306933
4.82, 0.025172208151873723
4.83, 0.025148395390015104
4.84, 0.025124616027946217
4.8500000000000005, 0.025100869836627192
4.86, 0.025077156590697404
4.87, 0.025053476068410924
4.88, 0.0250298280515731
4.89, 0.025006212325478283
4.9, 0.02498262867884865
4.91, 0.024959076903774143
4.92, 0.02493555679565343
4.93, 0.024912068153135975
4.94, 0.02488861077806509
4.95, 0.024865184475422023
4.96, 0.02484178905327104
4.97, 0.024818424322705483
4.98, 0.024795090097794768
4.99, 0.024771786195532355
5.0, 0.02474851243578462
5.01, 0.024725268641240642
5.0200000000000005, 0.024702054637362872
5.03, 0.02467887025233869
5.04, 0.024655715317032825
5.05, 0.024632589664940592
5.0600000000000005, 0.024609493132141988
5.07, 0.024586425557256576
5.08, 0.0245633867813992
5.09, 0.02454037664813644
5.1000000000000005, 0.02451739500344388
5.11, 0.024494441695664115
5.12, 0.02447151657546548
5.13, 0.024448619495801554
5.14, 0.024425750311871348
5.15, 0.024402908881080192
5.16, 0.024380095063001345
5.17, 0.02435730871933825
5.18, 0.024334549713887477
5.19, 0.02431181791250231
5.2, 0.02428911318305698
5.21, 0.024266435395411536
5.22, 0.02424378442137732
5.23, 0.024221160134683062
5.24, 0.024198562410941583
5.25, 0.024175991127617064
5.26, 0.024153446163992905
5.2700000000000005, 0.024130927401140145
5.28, 0.024108434721886448
5.29, 0.02408596801078562
5.3, 0.02406352715408769
5.3100000000000005, 0.024041112039709465
5.32, 0.024018722557205687
5.33, 0.02399635859774061
5.34, 0.02397402005406013
5.3500000000000005, 0.023951706820464398
5.36, 0.023929418792780904
5.37, 0.023907155868338043
5.38, 0.023884917945939135
5.39, 0.02386270492583692
5.4, 0.023840516709708482
5.41, 0.023818353200630638
5.42, 0.023796214303055722
5.43, 0.023774099922787846
5.44, 0.02375200996695952
5.45, 0.023729944344008738
5.46, 0.023707902963656425
5.47, 0.0236858857368843
5.48, 0.02366389257591313
5.49, 0.023641923394181346
5.5, 0.023619978106324067
5.51, 0.023598056628152456
5.5200000000000005, 0.023576158876633467
5.53, 0.02355428476986993
5.54, 0.02353243422708099
5.55, 0.0235106071685829
5.5600000000000005, 0.02348880351577013
5.57, 0.023467023191096826
5.58, 0.023445266118058587
5.59, 0.023423532221174558
5.6000000000000005, 0.02340182142596984
5.61, 0.023380133658958212
5.62, 0.02335846884762515
5.63, 0.023336826920411148
5.64, 0.023315207806695326
5.65, 0.023293611436779334
5.66, 0.023272037741871525
5.67, 0.02325048665407142
5.68, 0.02322895810635443
5.69, 0.02320745203255686
5.7, 0.023185968367361167
5.71, 0.023164507046281473
5.72, 0.02314306800564934
5.73, 0.023121651182599796
5.74, 0.02310025651505759
5.75, 0.023078883941723697
5.76, 0.023057533402062073
5.7700000000000005, 0.02303620483628661
5.78, 0.023014898185348354
5.79, 0.022993613390922915
5.8, 0.022972350395398126
5.8100000000000005, 0.022951109141861895
5.82, 0.022929889574090277
5.83, 0.022908691636535763
5.84, 0.02288751527431576
5.8500000000000005, 0.022866360433201286
5.86, 0.022845227059605844
5.87, 0.022824115100574513
5.88, 0.02280302450377321
5.89, 0.022781955217478157
5.9, 0.022760907190565515
5.91, 0.02273988037250121
5.92, 0.022718874713330936
5.93, 0.02269789016367033
5.94, 0.022676926674695307
5.95, 0.022655984198132598
5.96, 0.022635062686250415
5.97, 0.0226141620918493
5.98, 0.02259328236825312
5.99, 0.022572423469300246
6.0, 0.022551585349334848
6.01, 0.022530767963198372
6.0200000000000005, 0.02250997126622116
6.03, 0.0224891952142142
6.04, 0.022468439763461037
6.05, 0.022447704870709823
6.0600000000000005, 0.022426990493165492
6.07, 0.022406296588482096
6.08, 0.022385623114755247
6.09, 0.022364970030514714
6.1000000000000005, 0.022344337294717128
6.11, 0.022323724866738844
6.12, 0.022303132706368887
6.13, 0.02228256077380206
6.140000000000001, 0.022262009029632147
6.15, 0.02224147743484524
6.16, 0.022220965950813187
6.17, 0.02220047453928716
6.18, 0.02218000316239132
6.19, 0.02215955178261659
6.2, 0.022139120362814558
6.21, 0.022118708866191477
6.22, 0.022098317256302354
6.23, 0.022077945497045164
6.24, 0.02205759355265515
6.25, 0.022037261387699233
6.26, 0.0220169489670705
6.2700000000000005, 0.021996656255982825
6.28, 0.021976383219965537
6.29, 0.021956129824858214
6.3, 0.021935896036805562
6.3100000000000005, 0.021915681822252373
6.32, 0.021895487147938573
6.33, 0.02187531198089437
6.34, 0.02185515628843547
6.3500000000000005, 0.021835020038158383
6.36, 0.021814903197935803
6.37, 0.021794805735912092
6.38, 0.02177472762049881
6.390000000000001, 0.021754668820370346
6.4, 0.021734629304459616
6.41, 0.02171460904195384
6.42, 0.02169460800229038
6.43, 0.021674626155152674
6.44, 0.021654663470466216
6.45, 0.021634719918394624
6.46, 0.021614795469335764
6.47, 0.02159489009391794
6.48, 0.02157500376299618
6.49, 0.021555136447648532
6.5, 0.02153528811917248
6.51, 0.021515458749081385
6.5200000000000005, 0.021495648309101
6.53, 0.021475856771166056
6.54, 0.021456084107416885
6.55, 0.021436330290196117
6.5600000000000005, 0.02141659529204544
6.57, 0.021396879085702397
6.58, 0.021377181644097253
6.59, 0.02135750294034991
6.6000000000000005, 0.021337842947766878
6.61, 0.021318201639838306
6.62, 0.02129857899023505
6.63, 0.02127897497280579
6.640000000000001, 0.021259389561574225
6.65, 0.021239822730736282
6.66, 0.0212202744546574
6.67, 0.021200744707869836
6.68, 0.021181233465070046
6.69, 0.021161740701116087
6.7, 0.021142266391025077
6.71, 0.0211228105099707
6.72, 0.02110337303328074
6.73, 0.021083953936434682
6.74, 0.021064553195061328
6.75, 0.021045170784936472
6.76, 0.021025806681980605
6.7700000000000005, 0.021006460862256677
6.78, 0.020987133301967872
6.79, 0.020967823977455443
6.8, 0.020948532865196573
6.8100000000000005, 0.020929259941802277
6.82, 0.020910005184015337
6.83, 0.020890768568708282
6.84, 0.020871550072881394
6.8500000000000005, 0.020852349673660748
6.86, 0.020833167348296287
6.87, 0.020814003074159943
6.88, 0.02079485682874376
6.890000000000001, 0.020775728589658097
6.9, 0.0207566183346298
6.91, 0.020737526041500472
6.92, 0.02071845168822472
6.93, 0.020699395252868454
6.94, 0.020680356713607226
6.95, 0.020661336048724575
6.96, 0.020642333236610418
6.97, 0.02062334825575945
6.98, 0.020604381084769606
6.99, 0.020585431702340503
7.0, 0.020566500087271948
7.01, 0.020547586218462456
7.0200000000000005, 0.020528690074907784
7.03, 0.020509811635699513
7.04, 0.020490950880023635
7.05, 0.020472107787159178
7.0600000000000005, 0.020453282336476836
7.07, 0.02043447450743765
7.08, 0.020415684279591683
7.09, 0.02039691163257674
7.1000000000000005, 0.0203781565461171
7.11, 0.02035941900002227
7.12, 0.020340698974185757
7.13, 0.020321996448583873
7.140000000000001, 0.02030331140327455
7.15, 0.020284643818396175
7.16, 0.02026599367416646
7.17, 0.020247360950881307
7.18, 0.020228745628913712
7.19, 0.020210147688712685
7.2, 0.020191567110802174
7.21, 0.020173003875780027
7.22, 0.020154457964316964
7.23, 0.020135929357155562
7.24, 0.02011741803510926
7.25, 0.020098923979061392
7.26, 0.020080447169964207
7.2700000000000005, 0.02006198758883795
7.28, 0.02004354521676992
7.29, 0.02002512003491356
7.3, 0.02000671202448756
7.3100000000000005, 0.01998832116677499
7.32, 0.019969947443122412
7.33, 0.019951590834939047
7.34, 0.019933251323695934
7.3500000000000005, 0.019914928890925103
7.36, 0.01989662351821878
7.37, 0.019878335187228577
7.38, 0.019860063879664727
7.390000000000001, 0.019841809577295304
7.4, 0.019823572261945477
7.41, 0.019805351915496764
7.42, 0.019787148519886312
7.43, 0.019768962057106175
7.44, 0.019750792509202603
7.45, 0.019732639858275367
7.46, 0.019714504086477062
7.47, 0.019696385176012455
7.48, 0.019678283109137815
7.49, 0.019660197868160267
7.5, 0.01964212943543717
7.51, 0.019624077793375484
7.5200000000000005, 0.01960604292443115
7.53, 0.019588024811108502
7.54, 0.019570023435959663
7.55, 0.019552038781583965
7.5600000000000005, 0.01953407083062738
7.57, 0.01951611956578195
7.58, 0.01949818496978524
7.59, 0.01948026702541979
7.6000000000000005, 0.019462365715512582
7.61, 0.01944448102293451
7.62, 0.019426612930599874
7.63, 0.019408761421465855
7.640000000000001, 0.019390926478532026
7.65, 0.01937310808483986
7.66, 0.01935530622347225
7.67, 0.019337520877553027
7.68, 0.019319752030246492
7.69, 0.01930199966475697
7.7, 0.01928426376432834
7.71, 0.01926654431224361
7.72, 0.01924884129182447
7.73, 0.019231154686430864
7.74, 0.019213484479460575
7.75, 0.0191958306543488
7.76, 0.019178193194567757
7.7700000000000005, 0.019160572083626266
7.78, 0.01914296730506937
7.79, 0.019125378842477937
7.8, 0.019107806679468292
7.8100000000000005, 0.01909025079969183
7.82, 0.019072711186834655
7.83, 0.019055187824617213
7.84, 0.01903768069679394
7.8500000000000005, 0.019020189787152912
7.86, 0.019002715079515498
7.87, 0.018985256557736026
7.88, 0.01896781420570144
7.890000000000001, 0.01895038800733099
7.9, 0.018932977946575887
7.91, 0.018915584007419012
7.92, 0.018898206173874586
7.930000000000001, 0.01888084442998787
7.94, 0.018863498759834865
7.95, 0.01884616914752202
7.96, 0.018828855577185923
7.97, 0.01881155803299304
7.98, 0.018794276499139423
7.99, 0.018777010959850418
8.0, 0.018759761399380414
8.01, 0.01874252780827825
8.02, 0.018725310157783906
8.03, 0.018708108439088773
8.040000000000001, 0.01869092263655623
8.05, 0.018673752734577862
8.06, 0.01865659871757316
8.07, 0.01863946056998924
8.08, 0.01862233827630056
8.09, 0.018605231821008664
8.1, 0.018588141188641896
8.11, 0.018571066363755172
8.120000000000001, 0.018554007330929715
8.13, 0.01853696407477282
8.14, 0.018519936579917615
8.15, 0.018502924831022834
8.16, 0.01848592881277259
8.17, 0.018468948509876154
8.18, 0.01845198390706774
8.19, 0.018435034989106286
8.2, 0.018418101740775274
8.21, 0.018401184146882493
8.22, 0.018384282192259873
8.23, 0.018367395861763267
8.24, 0.018350525140272272
8.25, 0.018333670012690043
8.26, 0.018316830463943105
8.27, 0.018300006478981178
8.28, 0.018283198042776994
8.290000000000001, 0.018266405140326136
8.3, 0.018249627756646854
8.31, 0.01823286587677991
8.32, 0.018216119485788402
8.33, 0.01819938856875761
8.34, 0.018182673110794842
8.35, 0.018165973097029265
8.36, 0.018149288512611765
8.370000000000001, 0.018132619342714793
8.38, 0.018115965572532207
8.39, 0.018099327187279142
8.4, 0.018082704172191856
8.41, 0.018066096512527597
8.42, 0.018049504193564454
8.43, 0.018032927200601227
8.44, 0.0180163655189573
8.45, 0.017999819133972497
8.46, 0.017983288031006957
8.47, 0.017966772195441013
8.48, 0.01795027161267505
8.49, 0.0179337862681294
8.5, 0.01791731614724421
8.51, 0.017900861235479317
8.52, 0.017884421518314146
8.53, 0.017867996981247584
8.540000000000001, 0.01785158760979786
8.55, 0.017835193389502447
8.56, 0.017818814305917943
8.57, 0.017802450344619955
8.58, 0.01778610149120301
8.59, 0.01776976773128043
8.6, 0.017753449050484243
8.61, 0.017737145434465067
8.620000000000001, 0.017720856868892024
8.63, 0.01770458333945263
8.64, 0.017688324831852696
8.65, 0.01767208133181624
8.66, 0.01765585282508539
8.67, 0.017639639297420278
8.68, 0.01762344073459897
8.69, 0.017607257122417355
8.700000000000001, 0.017591088446689072
8.71, 0.017574934693245406
8.72, 0.01755879584793521
8.73, 0.017542671896624822
8.74, 0.017526562825197975
8.75, 0.01751046861955572
8.76, 0.017494389265616337
8.77, 0.01747832474931526
8.78, 0.017462275056604994
8.790000000000001, 0.01744624017345504
8.8, 0.01743022008585182
8.81, 0.017414214779798588
8.82, 0.017398224241315374
8.83, 0.0173822484564389
8.84, 0.0173662874112225
8.85, 0.01735034109173607
8.86, 0.01733440948406597
8.870000000000001, 0.017318492574314975
8.88, 0.017302590348602202
8.89, 0.017286702793063033
8.9, 0.01727082989384906
8.91, 0.017254971637128007
8.92, 0.017239128009083685
8.93, 0.0172232989959159
8.94, 0.01720748458384042
8.950000000000001, 0.017191684759088884
8.96, 0.01717589950790877
8.97, 0.017160128816563303
8.98, 0.017144372671331422
8.99, 0.017128631058507704
9.0, 0.017112903964402317
9.01, 0.017097191375340957
9.02, 0.017081493277664794
9.03, 0.01706580965773041
9.040000000000001, 0.01705014050190975
9.05, 0.017034485796590074
9.06, 0.017018845528173884
9.07, 0.017003219683078892
9.08, 0.016987608247737956
9.09, 0.01697201120859903
9.1, 0.016956428552125116
9.11, 0.016940860264794216
9.120000000000001, 0.01692530633309928
9.13, 0.016909766743548143
9.14, 0.016894241482663507
9.15, 0.01687873053698287
9.16, 0.016863233893058483
9.17, 0.016847751537457312
9.18, 0.01683228345676098
9.19, 0.016816829637565735
9.200000000000001, 0.016801390066482395
9.21, 0.016785964730136306
9.22, 0.016770553615167307
9.23, 0.016755156708229673
9.24, 0.016739773995992083
9.25, 0.016724405465137576
9.26, 0.016709051102363506
9.27, 0.016693710894381507
9.28, 0.016678384827917444
9.290000000000001, 0.016663072889711385
9.3, 0.016647775066517552
9.31, 0.01663249134510428
9.32, 0.01661722171225399
9.33, 0.016601966154763143
9.34, 0.0165867246594422
9.35, 0.016571497213115596
9.36, 0.01655628380262169
9.370000000000001, 0.016541084414812734
9.38, 0.016525899036554843
9.39, 0.01651072765472795
9.4, 0.016495570256225774
9.41, 0.016480426827955794
9.42, 0.016465297356839197
9.43, 0.016450181829810864
9.44, 0.016435080233819323
9.450000000000001, 0.01641999255582672
9.46, 0.016404918782808784
9.47, 0.0163898589017548
9.48, 0.01637481289966757
9.49, 0.016359780763563387
9.5, 0.016344762480472
9.51, 0.016329758037436592
9.52, 0.01631476742151373
9.53, 0.016299790619773356
9.540000000000001, 0.01628482761929874
9.55, 0.016269878407186463
9.56, 0.01625494297054638
9.57, 0.016240021296501594
9.58, 0.016225113372188425
9.59, 0.016210219184756385
9.6, 0.016195338721368146
9.61, 0.016180471969199514
9.620000000000001, 0.016165618915439398
9.63, 0.01615077954728979
9.64, 0.016135953851965732
9.65, 0.01612114181669529
9.66, 0.016106343428719524
9.67, 0.016091558675292474
9.68, 0.016076787543681116
9.69, 0.016062030021165356
9.700000000000001, 0.016047286095037982
9.71, 0.016032555752604663
9.72, 0.0160178389811839
9.73, 0.016003135768107024
9.74, 0.01598844610071815
9.75, 0.015973769966374167
9.76, 0.015959107352444712
9.77, 0.01594445824631214
9.78, 0.015929822635371498
9.790000000000001, 0.01591520050703052
9.8, 0.01590059184870958
9.81, 0.015885996647841686
9.82, 0.015871414891872444
9.83, 0.01585684656826005
9.84, 0.015842291664475254
9.85, 0.01582775016800134
9.86, 0.015813222066334114
9.870000000000001, 0.01579870734698187
9.88, 0.01578420599746537
9.89, 0.015769718005317835
9.9, 0.015755243358084904
9.91, 0.01574078204332463
9.92, 0.015726334048607446
9.93, 0.015711899361516152
9.94, 0.01569747796964589
9.950000000000001, 0.015683069860604124
9.96, 0.015668675022010626
9.97, 0.015654293441497446
9.98, 0.015639925106708898
9.99, 0.015625570005301535
10.0, 0.015611228124944136
10.01, 0.015596899453317681
10.02, 0.015582583978115332
10.03, 0.01556828168704242
10.040000000000001, 0.015553992567816411
10.05, 0.015539716608166906
10.06, 0.015525453795835607
10.07, 0.015511204118576304
10.08, 0.015496967564154857
10.09, 0.015482744120349175
10.1, 0.015468533774949198
10.11, 0.015454336515756882
10.120000000000001, 0.015440152330586177
10.13, 0.015425981207263009
10.14, 0.015411823133625263
10.15, 0.015397678097522769
10.16, 0.015383546086817275
10.17, 0.015369427089382439
10.18, 0.015355321093103804
10.19, 0.015341228085878787
10.200000000000001, 0.015327148055616658
10.21, 0.015313080990238521
10.22, 0.015299026877677304
10.23, 0.015284985705877736
10.24, 0.015270957462796329
10.25, 0.015256942136401365
10.26, 0.01524293971467288
10.27, 0.015228950185602646
10.28, 0.015214973537194152
10.290000000000001, 0.015201009757462589
10.3, 0.015187058834434837
10.31, 0.015173120756149447
10.32, 0.015159195510656621
10.33, 0.015145283086018202
10.34, 0.015131383470307656
10.35, 0.015117496651610052
10.36, 0.015103622618022053
10.370000000000001, 0.015089761357651894
10.38, 0.015075912858619376
10.39, 0.015062077109055836
10.4, 0.015048254097104146
10.41, 0.015034443810918688
10.42, 0.015020646238665343
10.43, 0.015006861368521475
10.44, 0.014993089188675918
10.450000000000001, 0.014979329687328955
10.46, 0.014965582852692309
10.47, 0.014951848672989125
10.48, 0.014938127136453958
10.49, 0.014924418231332755
10.5, 0.014910721945882843
10.51, 0.014897038268372912
10.52, 0.014883367187083003
10.53, 0.014869708690304493
10.540000000000001, 0.014856062766340076
10.55, 0.014842429403503757
10.56, 0.014828808590120831
10.57, 0.014815200314527871
10.58, 0.014801604565072717
10.59, 0.014788021330114455
10.6, 0.014774450598023408
10.61, 0.014760892357181123
10.620000000000001, 0.014747346595980353
10.63, 0.014733813302825046
10.64, 0.014720292466130332
10.65, 0.014706784074322504
10.66, 0.014693288115839009
10.67, 0.014679804579128439
10.68, 0.014666333452650504
10.69, 0.014652874724876032
10.700000000000001, 0.014639428384286949
10.71, 0.014625994419376264
10.72, 0.014612572818648062
10.73, 0.014599163570617484
10.74, 0.014585766663810718
10.75, 0.014572382086764984
10.76, 0.014559009828028522
10.77, 0.014545649876160579
10.78, 0.014532302219731393
10.790000000000001, 0.014518966847322184
10.8, 0.01450564374752514
10.81, 0.014492332908943402
10.82, 0.014479034320191052
10.83, 0.014465747969893103
10.84, 0.014452473846685483
10.85, 0.01443921193921502
10.86, 0.01442596223613944
10.870000000000001, 0.014412724726127339
10.88, 0.014399499397858182
10.89, 0.014386286240022287
10.9, 0.014373085241320811
10.91, 0.014359896390465742
10.92, 0.014346719676179879
10.93, 0.014333555087196824
10.94, 0.014320402612260974
10.950000000000001, 0.014307262240127499
10.96, 0.01429413395956234
10.97, 0.014281017759342186
10.98, 0.014267913628254473
10.99, 0.014254821555097363
11.0, 0.014241741528679736
11.01, 0.014228673537821175
11.02, 0.014215617571351962
11.03, 0.014202573618113053
11.040000000000001, 0.014189541666956077
11.05, 0.01417652170674332
11.06, 0.01416351372634771
11.07, 0.014150517714652812
11.08, 0.014137533660552811
11.09, 0.0141245615529525
11.1, 0.014111601380767272
11.11, 0.014098653132923102
11.120000000000001, 0.014085716798356546
11.13, 0.014072792366014716
11.14, 0.014059879824855277
11.15, 0.014046979163846436
11.16, 0.014034090371966922
11.17, 0.014021213438205985
11.18, 0.014008348351563378
11.19, 0.013995495101049344
11.200000000000001, 0.013982653675684614
11.21, 0.013969824064500381
11.22, 0.013957006256538302
11.23, 0.013944200240850479
11.24, 0.01393140600649945
11.25, 0.01391862354255818
11.26, 0.013905852838110043
11.27, 0.013893093882248814
11.28, 0.013880346664078664
11.290000000000001, 0.013867611172714138
11.3, 0.013854887397280153
11.31, 0.013842175326911978
11.32, 0.013829474950755235
11.33, 0.013816786257965872
11.34, 0.013804109237710166
11.35, 0.013791443879164705
11.36, 0.013778790171516377
11.370000000000001, 0.01376614810396236
11.38, 0.013753517665710115
11.39, 0.013740898845977368
11.4, 0.0137282916339921
11.41, 0.013715696018992543
11.42, 0.013703111990227161
11.43, 0.013690539536954644
11.44, 0.013677978648443894
11.450000000000001, 0.013665429313974018
11.46, 0.013652891522834313
11.47, 0.013640365264324257
11.48, 0.013627850527753498
11.49, 0.013615347302441844
11.5, 0.013602855577719253
11.51, 0.01359037534292582
11.52, 0.013577906587411766
11.53, 0.013565449300537429
11.540000000000001, 0.013553003471673254
11.55, 0.013540569090199779
11.56, 0.01352814614550763
11.57, 0.013515734626997506
11.58, 0.013503334524080167
11.59, 0.013490945826176428
11.6, 0.013478568522717145
11.61, 0.013466202603143209
11.620000000000001, 0.013453848056905528
11.63, 0.013441504873465024
11.64, 0.013429173042292618
11.65, 0.013416852552869223
11.66, 0.013404543394685726
11.67, 0.01339224555724299
11.68, 0.013379959030051831
11.69, 0.013367683802633017
11.700000000000001, 0.013355419864517252
11.71, 0.013343167205245168
11.72, 0.013330925814367315
11.73, 0.013318695681444151
11.74, 0.013306476796046029
11.75, 0.013294269147753187
11.76, 0.013282072726155742
11.77, 0.013269887520853677
11.78, 0.01325771352145683
11.790000000000001, 0.013245550717584882
11.8, 0.013233399098867355
11.81, 0.013221258654943592
11.82, 0.013209129375462751
11.83, 0.013197011250083797
11.84, 0.01318490426847549
11.85, 0.013172808420316375
11.86, 0.013160723695294767
11.870000000000001, 0.013148650083108752
11.88, 0.013136587573466167
11.89, 0.013124536156084594
11.9, 0.01311249582069135
11.91, 0.013100466557023478
11.92, 0.013088448354827732
11.93, 0.013076441203860575
11.94, 0.013064445093888164
11.950000000000001, 0.013052460014686336
11.96, 0.013040485956040607
11.97, 0.013028522907746158
11.98, 0.013016570859607824
11.99, 0.013004629801440085
12.0, 0.012992699723067056
12.01, 0.012980780615437715
12.02, 0.012968872466084216
12.030000000000001, 0.012956975266063708
12.040000000000001, 0.012945089005237905
12.05, 0.01293321367347819
12.06, 0.012921349260665602
12.07, 0.01290949575669082
12.08, 0.012897653151454138
12.09, 0.012885821434865458
12.1, 0.01287400059684427
12.11, 0.012862190627319635
12.120000000000001, 0.012850391516230176
12.13, 0.01283860325352406
12.14, 0.012826825829158985
12.15, 0.012815059233102166
12.16, 0.01280330345533033
12.17, 0.01279155848582969
12.18, 0.012779824314595947
12.19, 0.012768100931634269
12.200000000000001, 0.012756388326959281
12.21, 0.012744686490595057
12.22, 0.012732995412575108
12.23, 0.012721315082942367
12.24, 0.012709645491749183
12.25, 0.012697986629057308
12.26, 0.012686338484937885
12.27, 0.012674701049471443
12.280000000000001, 0.012663074312747881
12.290000000000001, 0.012651458264866461
12.3, 0.012639852895935798
12.31, 0.012628258196073846
12.32, 0.012616674155407894
12.33, 0.012605100764074551
12.34, 0.01259353801221974
12.35, 0.012581985889998686
12.36, 0.012570444387575905
12.370000000000001, 0.012558913495125201
12.38, 0.012547393202829646
12.39, 0.012535883500881579
12.4, 0.012524384379482594
12.41, 0.01251289582884353
12.42, 0.012501417839184459
12.43, 0.012489950400734681
12.44, 0.012478493503732712
12.450000000000001, 0.012467047138426278
12.46, 0.012455611295072298
12.47, 0.012444185963936885
12.48, 0.012432771135295327
12.49, 0.012421366799432084
12.5, 0.012409972946640776
12.51, 0.012398589567224177
12.52, 0.0123872166514942
12.530000000000001, 0.012375854189771891
12.540000000000001, 0.012364502172387425
12.55, 0.012353160589680084
12.56, 0.012341829431998264
12.57, 0.012330508689699449
12.58, 0.012319198353150217
12.59, 0.01230789841272622
12.6, 0.012296608858812182
12.61, 0.012285329681801883
12.620000000000001, 0.012274060872098161
12.63, 0.012262802420112889
12.64, 0.012251554316266974
12.65, 0.01224031655099035
12.66, 0.012229089114721963
12.67, 0.012217871997909767
12.68, 0.01220666519101071
12.69, 0.012195468684490729
12.700000000000001, 0.01218428246882474
12.71, 0.012173106534496632
12.72, 0.012161940871999248
12.73, 0.01215078547183439
12.74, 0.012139640324512797
12.75, 0.012128505420554148
12.76, 0.012117380750487043
12.77, 0.012106266304849
12.780000000000001, 0.012095162074186443
12.790000000000001, 0.012084068049054698
12.8, 0.012072984220017978
12.81, 0.012061910577649378
12.82, 0.012050847112530865
12.83, 0.012039793815253268
12.84, 0.012028750676416271
12.85, 0.012017717686628408
12.86, 0.012006694836507043
12.870000000000001, 0.011995682116678372
12.88, 0.011984679517777411
12.89, 0.011973687030447983
12.9, 0.011962704645342716
12.91, 0.011951732353123032
12.92, 0.011940770144459134
12.93, 0.011929818010030003
12.94, 0.011918875940523387
12.950000000000001, 0.011907943926635791
12.96, 0.011897021959072471
12.97, 0.011886110028547423
12.98, 0.011875208125783375
12.99, 0.011864316241511779
13.0, 0.011853434366472803
13.01, 0.01184256249141532
13.02, 0.011831700607096903
13.030000000000001, 0.01182084870428381
13.040000000000001, 0.011810006773750985
13.05, 0.011799174806282038
13.06, 0.011788352792669248
13.07, 0.011777540723713543
13.08, 0.011766738590224503
13.09, 0.011755946383020343
13.1, 0.011745164092927906
13.11, 0.011734391710782657
13.120000000000001, 0.011723629227428674
13.13, 0.011712876633718637
13.14, 0.011702133920513823
13.15, 0.011691401078684093
13.16, 0.011680678099107887
13.17, 0.011669964972672217
13.18, 0.011659261690272652
13.19, 0.01164856824281332
13.200000000000001, 0.011637884621206886
13.21, 0.011627210816374554
13.22, 0.011616546819246058
13.23, 0.011605892620759648
13.24, 0.011595248211862086
13.25, 0.011584613583508634
13.26, 0.011573988726663053
13.27, 0.011563373632297584
13.280000000000001, 0.011552768291392948
13.290000000000001, 0.011542172694938334
13.3, 0.011531586833931393
13.31, 0.011521010699378225
13.32, 0.011510444282293376
13.33, 0.011499887573699828
13.34, 0.011489340564628988
13.35, 0.011478803246120686
13.36, 0.011468275609223156
13.370000000000001, 0.011457757644993042
13.38, 0.011447249344495376
13.39, 0.01143675069880358
13.4, 0.011426261698999449
13.41, 0.011415782336173151
13.42, 0.011405312601423216
13.43, 0.011394852485856522
13.44, 0.011384401980588297
13.450000000000001, 0.0113739610767421
13.46, 0.011363529765449826
13.47, 0.011353108037851683
13.48, 0.011342695885096192
13.49, 0.011332293298340181
13.5, 0.011321900268748773
13.51, 0.011311516787495373
13.52, 0.011301142845761674
13.530000000000001, 0.011290778434737634
13.540000000000001, 0.011280423545621476
13.55, 0.011270078169619679
13.56, 0.011259742297946965
13.57, 0.0112494159218263
13.58, 0.011239099032488877
13.59, 0.011228791621174114
13.6, 0.011218493679129641
13.61, 0.011208205197611296
13.620000000000001, 0.011197926167883118
13.63, 0.01118765658121733
13.64, 0.011177396428894343
13.65, 0.01116714570220274
13.66, 0.011156904392439273
13.67, 0.011146672490908848
13.68, 0.011136449988924525
13.69, 0.011126236877807505
13.700000000000001, 0.011116033148887124
13.71, 0.011105838793500843
13.72, 0.011095653802994243
13.73, 0.011085478168721016
13.74, 0.011075311882042953
13.75, 0.011065154934329946
13.76, 0.011055007316959969
13.77, 0.011044869021319076
13.780000000000001, 0.01103474003880139
13.790000000000001, 0.011024620360809102
13.8, 0.011014509978752455
13.81, 0.011004408884049738
13.82, 0.010994317068127283
13.83, 0.010984234522419452
13.84, 0.010974161238368628
13.85, 0.010964097207425213
13.86, 0.010954042421047618
13.870000000000001, 0.01094399687070225
13.88, 0.010933960547863514
13.89, 0.010923933444013795
13.9, 0.010913915550643454
13.91, 0.010903906859250828
13.92, 0.010893907361342207
13.93, 0.01088391704843184
13.94, 0.010873935912041919
13.950000000000001, 0.010863963943702575
13.96, 0.01085400113495187
13.97, 0.010844047477335785
13.98, 0.01083410296240822
13.99, 0.010824167581730982
14.0, 0.010814241326873772
14.01, 0.010804324189414186
14.02, 0.010794416160937707
14.030000000000001, 0.010784517233037689
14.040000000000001, 0.010774627397315356
14.05, 0.010764746645379795
14.06, 0.010754874968847946
14.07, 0.01074501235934459
14.08, 0.010735158808502352
14.09, 0.010725314307961682
14.1, 0.010715478849370855
14.11, 0.010705652424385963
14.120000000000001, 0.010695835024670903
14.13, 0.010686026641897373
14.14, 0.010676227267744861
14.15, 0.01066643689390064
14.16, 0.010656655512059764
14.17, 0.010646883113925051
14.18, 0.010637119691207083
14.19, 0.010627365235624199
14.200000000000001, 0.010617619738902481
14.21, 0.010607883192775752
14.22, 0.010598155588985567
14.23, 0.010588436919281203
14.24, 0.010578727175419658
14.25, 0.010569026349165634
14.26, 0.01055933443229154
14.27, 0.010549651416577472
14.280000000000001, 0.01053997729381122
14.290000000000001, 0.010530312055788252
14.3, 0.010520655694311704
14.31, 0.010511008201192377
14.32, 0.010501369568248733
14.33, 0.01049173978730688
14.34, 0.010482118850200567
14.35, 0.01047250674877118
14.36, 0.010462903474867733
14.370000000000001, 0.010453309020346857
14.38, 0.010443723377072797
14.39, 0.010434146536917401
14.4, 0.010424578491760117
14.41, 0.010415019233487983
14.42, 0.010405468753995619
14.43, 0.010395927045185218
14.44, 0.010386394098966545
14.450000000000001, 0.010376869907256924
14.46, 0.010367354461981235
14.47, 0.010357847755071899
14.48, 0.01034834977846888
14.49, 0.010338860524119671
14.5, 0.010329379983979292
14.51, 0.010319908150010276
14.52, 0.010310445014182669
14.530000000000001, 0.010300990568474017
14.540000000000001, 0.010291544804869362
14.55, 0.010282107715361234
14.56, 0.010272679291949643
14.57, 0.010263259526642072
14.58, 0.010253848411453471
14.59, 0.010244445938406248
14.6, 0.010235052099530262
14.61, 0.010225666886862817
14.620000000000001, 0.010216290292448655
14.63, 0.010206922308339946
14.64, 0.010197562926596283
14.65, 0.010188212139284674
14.66, 0.010178869938479539
14.67, 0.010169536316262696
14.68, 0.010160211264723357
14.69, 0.010150894775958121
14.700000000000001, 0.010141586842070968
14.71, 0.010132287455173248
14.72, 0.010122996607383678
14.73, 0.010113714290828335
14.74, 0.010104440497640643
14.75, 0.010095175219961375
14.76, 0.010085918449938636
14.77, 0.010076670179727864
14.780000000000001, 0.01006743040149182
14.790000000000001, 0.010058199107400577
14.8, 0.01004897628963152
14.81, 0.010039761940369334
14.82, 0.010030556051806
14.83, 0.010021358616140785
14.84, 0.010012169625580238
14.85, 0.01000298907233818
14.86, 0.009993816948635695
14.870000000000001, 0.009984653246701133
14.88, 0.009975497958770091
14.89, 0.009966351077085414
14.9, 0.009957212593897185
14.91, 0.009948082501462716
14.92, 0.009938960792046545
14.93, 0.00992984745792043
14.94, 0.009920742491363333
14.950000000000001, 0.009911645884661426
14.96, 0.009902557630108071
14.97, 0.009893477720003825
14.98, 0.009884406146656423
14.99, 0.00987534290238078
15.0, 0.009866287979498976
15.01, 0.009857241370340256
15.02, 0.009848203067241016
15.030000000000001, 0.009839173062544802
15.040000000000001, 0.009830151348602302
15.05, 0.009821137917771337
15.06, 0.009812132762416855
15.07, 0.009803135874910924
15.08, 0.009794147247632726
15.09, 0.009785166872968551
15.1, 0.009776194743311787
15.11, 0.009767230851062916
15.120000000000001, 0.009758275188629505
15.13, 0.0097493277484262
15.14, 0.009740388522874722
15.15, 0.009731457504403856
15.16, 0.009722534685449445
15.17, 0.009713620058454385
15.18, 0.009704713615868617
15.19, 0.00969581535014912
15.200000000000001, 0.009686925253759904
15.21, 0.009678043319172009
15.22, 0.009669169538863487
15.23, 0.009660303905319403
15.24, 0.009651446411031826
15.25, 0.009642597048499825
15.26, 0.00963375581022946
15.27, 0.009624922688733774
15.280000000000001, 0.009616097676532789
15.290000000000001, 0.009607280766153494
15.3, 0.009598471950129847
15.31, 0.009589671221002762
15.32, 0.009580878571320103
15.33, 0.00957209399363668
15.34, 0.00956331748051424
15.35, 0.009554549024521457
15.36, 0.009545788618233932
15.370000000000001, 0.009537036254234186
15.38, 0.009528291925111648
15.39, 0.00951955562346265
15.4, 0.009510827341890425
15.41, 0.009502107073005094
15.42, 0.009493394809423662
15.43, 0.009484690543770016
15.44, 0.009475994268674907
15.450000000000001, 0.009467305976775956
15.46, 0.00945862566071764
15.47, 0.009449953313151288
15.48, 0.009441288926735071
15.49, 0.009432632494134003
15.5, 0.009423984008019923
15.51, 0.0094153434610715
15.52, 0.00940671084597422
15.530000000000001, 0.009398086155420381
15.540000000000001, 0.009389469382109087
15.55, 0.009380860518746236
15.56, 0.009372259558044525
15.57, 0.009363666492723431
15.58, 0.009355081315509214
15.59, 0.009346504019134906
15.6, 0.009337934596340303
15.610000000000001, 0.009329373039871964
15.620000000000001, 0.009320819342483197
15.63, 0.009312273496934061
15.64, 0.009303735495991353
15.65, 0.009295205332428603
15.66, 0.009286682999026071
15.67, 0.009278168488570734
15.68, 0.009269661793856286
15.69, 0.00926116290768313
15.700000000000001, 0.009252671822858367
15.71, 0.009244188532195797
15.72, 0.009235713028515904
15.73, 0.009227245304645859
15.74, 0.009218785353419506
15.75, 0.00921033316767736
15.76, 0.009201888740266595
15.77, 0.009193452064041048
15.780000000000001, 0.009185023131861203
15.790000000000001, 0.009176601936594187
15.8, 0.009168188471113765
15.81, 0.009159782728300335
15.82, 0.009151384701040917
15.83, 0.009142994382229151
15.84, 0.00913461176476529
15.85, 0.00912623684155619
15.860000000000001, 0.00911786960551531
15.870000000000001, 0.0091095100495627
15.88, 0.009101158166624998
15.89, 0.009092813949635419
15.9, 0.009084477391533756
15.91, 0.00907614848526637
15.92, 0.009067827223786181
15.93, 0.009059513600052665
15.94, 0.00905120760703185
15.950000000000001, 0.009042909237696302
15.96, 0.009034618485025127
15.97, 0.00902633534200396
15.98, 0.009018059801624961
15.99, 0.009009791856886806
16.0, 0.009001531500794684
16.01, 0.008993278726829847
16.02, 0.008985033527044559
16.03, 0.0089767958949626
16.04, 0.008968565823614862
16.05, 0.008960343306038746
16.06, 0.008952128335278151
16.07, 0.008943920904383472
16.080000000000002, 0.008935721006411582
16.09, 0.008927528634425832
16.1, 0.008919343781496038
16.11, 0.008911166440698472
16.12, 0.008902996605115862
16.13, 0.008894834267837375
16.14, 0.008886679421958615
16.15, 0.008878532060581616
16.16, 0.008870392176814828
16.17, 0.008862259763773122
16.18, 0.008854134814577773
16.19, 0.008846017322356457
16.2, 0.008837907280243243
16.21, 0.008829804681378587
16.22, 0.00882170951890933
16.23, 0.008813621785988678
16.240000000000002, 0.008805541475776212
16.25, 0.008797468581437871
16.26, 0.00878940309614595
16.27, 0.00878134501307909
16.28, 0.008773294325422275
16.29, 0.008765251026366825
16.3, 0.008757215109110388
16.31, 0.008749186566856935
16.32, 0.008741165392816757
16.330000000000002, 0.00873315158020645
16.34, 0.00872514512224892
16.35, 0.008717146012173365
16.36, 0.008709154243215283
16.37, 0.008701169808616453
16.38, 0.008693192701624934
16.39, 0.008685222915495061
16.4, 0.008677260443487435
16.41, 0.00866930527886892
16.42, 0.008661357414912634
16.43, 0.008653416844897947
16.44, 0.008645483562110473
16.45, 0.008637557559842062
16.46, 0.008629638831390797
16.47, 0.008621727370060984
16.48, 0.008613823169163154
16.490000000000002, 0.008605926222014044
16.5, 0.008598036521936608
16.51, 0.008590154062259997
16.52, 0.008582278836319556
16.53, 0.008574410837456825
16.54, 0.008566550059019526
16.55, 0.00855869649436156
16.56, 0.008550850136842997
16.57, 0.008543010979830078
16.580000000000002, 0.008535179016695203
16.59, 0.008527354240816925
16.6, 0.008519536645579947
16.61, 0.008511726224375115
16.62, 0.008503922970599414
16.63, 0.008496126877655958
16.64, 0.008488337938953988
16.65, 0.00848055614790886
16.66, 0.008472781497942053
16.67, 0.008465013982481142
16.68, 0.008457253594959814
16.69, 0.008449500328817848
16.7, 0.008441754177501115
16.71, 0.008434015134461568
16.72, 0.008426283193157242
16.73, 0.008418558347052242
16.740000000000002, 0.008410840589616745
16.75, 0.008403129914326984
16.76, 0.008395426314665251
16.77, 0.008387729784119889
16.78, 0.008380040316185281
16.79, 0.008372357904361853
16.8, 0.008364682542156061
16.81, 0.008357014223080389
16.82, 0.00834935294065334
16.830000000000002, 0.00834169868839944
16.84, 0.008334051459849215
16.85, 0.008326411248539198
16.86, 0.008318778048011927
16.87, 0.008311151851815923
16.88, 0.0083035326535057
16.89, 0.008295920446641753
16.9, 0.00828831522479055
16.91, 0.00828071698152453
16.92, 0.008273125710422099
16.93, 0.008265541405067618
16.94, 0.0082579640590514
16.95, 0.00825039366596971
16.96, 0.008242830219424749
16.97, 0.008235273713024658
16.98, 0.008227724140383507
16.990000000000002, 0.008220181495121291
17.0, 0.008212645770863924
17.01, 0.008205116961243233
17.02, 0.008197595059896952
17.03, 0.00819008006046872
17.04, 0.008182571956608068
17.05, 0.008175070741970422
17.06, 0.008167576410217092
17.07, 0.008160088955015268
17.080000000000002, 0.008152608370038013
17.09, 0.00814513464896426
17.1, 0.008137667785478806
17.11, 0.008130207773272302
17.12, 0.008122754606041255
17.13, 0.008115308277488013
17.14, 0.008107868781320773
17.150000000000002, 0.008100436111253558
17.16, 0.008093010261006226
17.17, 0.00808559122430446
17.18, 0.008078178994879759
17.19, 0.008070773566469435
17.2, 0.008063374932816612
17.21, 0.008055983087670209
17.22, 0.008048598024784947
17.23, 0.008041219737921337
17.240000000000002, 0.008033848220845675
17.25, 0.008026483467330035
17.26, 0.00801912547115227
17.27, 0.008011774226095999
17.28, 0.008004429725950606
17.29, 0.007997091964511233
17.3, 0.007989760935578774
17.31, 0.007982436632959873
17.32, 0.007975119050466911
17.330000000000002, 0.00796780818191801
17.34, 0.00796050402113702
17.35, 0.007953206561953516
17.36, 0.007945915798202797
17.37, 0.007938631723725874
17.38, 0.007931354332369469
17.39, 0.007924083617986003
17.400000000000002, 0.007916819574433602
17.41, 0.00790956219557608
17.42, 0.007902311475282942
17.43, 0.007895067407429372
17.44, 0.007887829985896235
17.45, 0.007880599204570064
17.46, 0.00787337505734306
17.47, 0.00786615753811308
17.48, 0.007858946640783645
17.490000000000002, 0.007851742359263919
17.5, 0.007844544687468714
17.51, 0.00783735361931848
17.52, 0.007830169148739302
17.53, 0.007822991269662892
17.54, 0.007815819976026586
17.55, 0.0078086552617733385
17.56, 0.007801497120851718
17.57, 0.007794345547215896
17.580000000000002, 0.007787200534825651
17.59, 0.007780062077646355
17.6, 0.007772930169648973
17.61, 0.007765804804810055
17.62, 0.007758685977111732
17.63, 0.007751573680541712
17.64, 0.007744467909093272
17.650000000000002, 0.007737368656765253
17.66, 0.0077302759175620584
17.67, 0.007723189685493645
17.68, 0.007716109954575517
17.69, 0.007709036718828726
17.7, 0.00770196997227986
17.71, 0.007694909708961041
17.72, 0.007687855922909918
17.73, 0.007680808608169666
17.740000000000002, 0.007673767758788974
17.75, 0.007666733368822047
17.76, 0.007659705432328596
17.77, 0.0076526839433738334
17.78, 0.00764566889602847
17.79, 0.007638660284368707
17.8, 0.007631658102476233
17.81, 0.0076246623444382175
17.82, 0.007617673004347307
17.830000000000002, 0.007610690076301619
17.84, 0.007603713554404736
17.85, 0.007596743432765701
17.86, 0.007589779705499014
17.87, 0.007582822366724623
17.88, 0.007575871410567924
17.89, 0.0075689268311597505
17.900000000000002, 0.0075619886226363725
17.91, 0.007555056779139489
17.92, 0.007548131294816225
17.93, 0.007541212163819123
17.94, 0.00753429938030614
17.95, 0.007527392938440645
17.96, 0.007520492832391407
17.97, 0.0075135990563325985
17.98, 0.0075067116044437825
17.990000000000002, 0.007499830470909913
18.0, 0.007492955649921327
18.01, 0.007486087135673739
18.02, 0.0074792249223682395
18.03, 0.007472369004211285
18.04, 0.007465519375414699
18.05, 0.0074586760301956585
18.06, 0.007451838962776698
18.07, 0.0074450081673856985
18.080000000000002, 0.007438183638255884
18.09, 0.007431365369625818
18.1, 0.007424553355739396
18.11, 0.007417747590845842
18.12, 0.007410948069199702
18.13, 0.007404154785060842
18.14, 0.00739736773269444
18.150000000000002, 0.007390586906370982
18.16, 0.007383812300366257
18.17, 0.007377043908961352
18.18, 0.007370281726442648
18.19, 0.007363525747101812
18.2, 0.007356775965235795
18.21, 0.007350032375146828
18.22, 0.0073432949711424115
18.23, 0.007336563747535317
18.240000000000002, 0.007329838698643576
18.25, 0.007323119818790483
18.26, 0.00731640710230458
18.27, 0.007309700543519661
18.28, 0.007303000136774763
18.29, 0.00729630587641416
18.3, 0.00728961775678736
18.31, 0.0072829357722491
18.32, 0.007276259917159338
18.330000000000002, 0.007269590185883255
18.34, 0.007262926572791242
18.35, 0.0072562690722588995
18.36, 0.007249617678667034
18.37, 0.007242972386401648
18.38, 0.007236333189853939
18.39, 0.007229700083420295
18.400000000000002, 0.007223073061502288
18.41, 0.007216452118506666
18.42, 0.007209837248845356
18.43, 0.007203228446935452
18.44, 0.007196625707199214
18.45, 0.007190029024064061
18.46, 0.007183438391962568
18.47, 0.007176853805332458
18.48, 0.007170275258616602
18.490000000000002, 0.00716370274626301
18.5, 0.007157136262724827
18.51, 0.00715057580246033
18.52, 0.007144021359932922
18.53, 0.0071374729296111265
18.54, 0.007130930505968583
18.55, 0.007124394083484043
18.56, 0.007117863656641364
18.57, 0.007111339219929506
18.580000000000002, 0.007104820767842526
18.59, 0.007098308294879573
18.6, 0.007091801795544884
18.61, 0.007085301264347778
18.62, 0.007078806695802651
18.63, 0.0070723180844289735
18.64, 0.007065835424751285
18.650000000000002, 0.007059358711299186
18.66, 0.007052887938607338
18.67, 0.007046423101215456
18.68, 0.007039964193668303
18.69, 0.0070335112105156875
18.7, 0.007027064146312457
18.71, 0.007020622995618496
18.72, 0.007014187752998718
18.73, 0.00700775841302306
18.740000000000002, 0.007001334970266484
18.75, 0.006994917419308964
18.76, 0.0069885057547354875
18.77, 0.006982099971136049
18.78, 0.006975700063105642
18.79, 0.006969306025244261
18.8, 0.006962917852156892
18.81, 0.006956535538453507
18.82, 0.006950159078749063
18.830000000000002, 0.006943788467663494
18.84, 0.006937423699821709
18.85, 0.006931064769853585
18.86, 0.006924711672393965
18.87, 0.00691836440208265
18.88, 0.006912022953564397
18.89, 0.0069056873214889125
18.900000000000002, 0.006899357500510851
18.91, 0.006893033485289805
18.92, 0.0068867152704903045
18.93, 0.006880402850781813
18.94, 0.00687409622083872
18.95, 0.006867795375340337
18.96, 0.006861500308970894
18.97, 0.006855211016419535
18.98, 0.0068489274923803104
18.990000000000002, 0.006842649731552177
19.0, 0.00683637772863899
19.01, 0.0068301114783495
19.02, 0.0068238509753973465
19.03, 0.006817596214501056
19.04, 0.006811347190384037
19.05, 0.006805103897774572
19.06, 0.006798866331405817
19.07, 0.006792634486015793
19.080000000000002, 0.006786408356347388
19.09, 0.006780187937148345
19.1, 0.006773973223171261
19.11, 0.006767764209173583
19.12, 0.006761560889917601
19.13, 0.006755363260170446
19.14, 0.006749171314704085
19.150000000000002, 0.006742985048295314
19.16, 0.0067368044557257565
19.17, 0.006730629531781858
19.18, 0.006724460271254881
19.19, 0.006718296668940901
19.2, 0.006712138719640801
19.21, 0.006705986418160267
19.22, 0.006699839759309787
19.23, 0.006693698737904641
19.240000000000002, 0.006687563348764899
19.25, 0.006681433586715418
19.26, 0.006675309446585838
19.27, 0.006669190923210571
19.28, 0.006663078011428804
19.29, 0.006656970706084494
19.3, 0.006650869002026356
19.31, 0.006644772894107868
19.32, 0.00663868237718726
19.330000000000002, 0.006632597446127513
19.34, 0.006626518095796353
19.35, 0.006620444321066248
19.36, 0.0066143761168144
19.37, 0.006608313477922745
19.38, 0.006602256399277947
19.39, 0.006596204875771391
19.400000000000002, 0.006590158902299183
19.41, 0.006584118473762142
19.42, 0.006578083585065798
19.43, 0.006572054231120385
19.44, 0.006566030406840838
19.45, 0.006560012107146791
19.46, 0.006553999326962568
19.47, 0.006547992061217181
19.48, 0.006541990304844327
19.490000000000002, 0.00653599405278238
19.5, 0.00653000329997439
19.51, 0.006524018041368078
19.52, 0.006518038271915828
19.53, 0.006512063986574688
19.54, 0.006506095180306363
19.55, 0.006500131848077209
19.56, 0.006494173984858233
19.57, 0.006488221585625084
19.580000000000002, 0.006482274645358051
19.59, 0.006476333159042061
19.6, 0.006470397121666667
19.61, 0.0064644665282260535
19.62, 0.0064585413737190235
19.63, 0.006452621653149001
19.64, 0.006446707361524023
19.650000000000002, 0.0064407984938567335
19.66, 0.006434895045164385
19.67, 0.006428997010468828
19.68, 0.00642310438479651
19.69, 0.006417217163178473
19.7, 0.006411335340650343
19.71, 0.006405458912252331
19.72, 0.006399587873029229
19.73, 0.006393722218030401
19.740000000000002, 0.006387861942309784
19.75, 0.006382007040925879
19.76, 0.006376157508941753
19.77, 0.006370313341425025
19.78, 0.006364474533447873
19.79, 0.00635864108008702
19.8, 0.006352812976423737
19.81, 0.006346990217543835
19.82, 0.0063411727985376596
19.830000000000002, 0.006335360714500091
19.84, 0.006329553960530536
19.85, 0.006323752531732926
19.86, 0.006317956423215711
19.87, 0.006312165630091858
19.88, 0.006306380147478843
19.89, 0.006300599970498649
19.900000000000002, 0.006294825094277763
19.91, 0.0062890555139471695
19.92, 0.006283291224642346
19.93, 0.006277532221503263
19.94, 0.006271778499674374
19.95, 0.006266030054304615
19.96, 0.0062602868805474
19.97, 0.0062545489735606145
19.98, 0.006248816328506615
19.990000000000002, 0.006243088940552221
20.0, 0.0062373668048687145
